"Language","original","english","czech","german","russian","polish","hungarian","italian","spanish","french","chinese","japanese","portuguese","chinesesimp",
cp_vacuum_bagger0,"Vacuum Bagger","Vacuum Bagger","Vakuová balicí jednotka","Vakuumverpackungsgerät","Вакуумный упаковщик","Pakowarka próżniowa","Vákuumcsomagoló gép","Confezionatrice sottovuoto","Empacadora al vacío","Machine à emballer sous vide","真空包装机","真空包装装置","Embaladora a vácuo","真空袋机",
cp_vacuum_bagger1,"A vacuum sealer for packaging things.","A vacuum sealer for packaging cannabis.","Vakuová zgrzewovačka na balení konopí.","Ein Vakuumierer zum Verpacken von Cannabis.","Вакуумный запайщик для упаковки конопли.","Zgrzewarka próżniowa do pakowania konopii.","Vákuumzáró gép kender csomagolásához.","Sigillatrice sottovuoto per confezionare cannabis.","Sellador al vacío para empaquetar cannabis.","Machine à sceller sous vide pour emballer du cannabis.","用于包装大麻的真空密封机。","大麻を梱包するための真空シーラー。","Selador a vácuo para embalar cannabis.","用于包装大麻的真空机。",
cp_base_bag0,"Base Bag","Base Bag","Základní balicí taška","Basistasche","Базовый пакет","Podstawowa torba","Alapcsomagolás táska","Borsa base","Bolsa base","Sac de base","基础袋","基本バッグ","Bolsa base","基础袋",
cp_base_bag1,"Not spawnable. For debug purposes.","Not spawnable. For debug purposes.","Není možné vytvořit. Pouze pro ladění.","Nicht spawnbar. Nur für Debug-Zwecke.","Нельзя создать. Только для отладки.","Nie do spawnowania. Do celów debugowania.","Nem generálható. Csak hibakereséshez.","Non generabile. Per scopi di debug.","No generable. Solo para depuración.","Non générable. Pour le débogage uniquement.","不可生成。仅供调试使用。","生成できません。デバッグ用のみ。","Não gerável. Apenas para depuração.","不可生成，仅用于调试。",
cp_empty_1oz_bag0,"Empty 1oz Bag","Empty 1oz Bag","Prázdný sáček 30 g","Leerer 30-Gramm-Beutel","Пустой пакет 30 грамм","Pusta torba 30 gram","Üres 30 grammos tasak","Borsa vuota da 30 g","Bolsa vacía de 30 g","Sac vide de 30 g","30克空袋","30グラムの空バッグ","Saco vazio de 30 g","30克空袋",
cp_empty_1oz_bag1,"Empty bag that holds 1oz of an item.","Empty bag that holds 30 grams of cannabis.","Prázdný sáček, který pojme 30 g konopí.","Leerer Beutel, der 30 g Cannabis aufnehmen kann.","Пустой пакет, вмещающий 30 грамм конопли.","Pusta torba mieszcząca 30 gram konopii.","Üres tasak, amely 30 gramm kendert tart.","Borsa vuota che contiene 30 g di cannabis.","Bolsa vacía que contiene 30 g de cannabis.","Sac vide pouvant contenir 30 g de cannabis.","可容纳30克大麻的空袋子。","30グラムの大麻を保持する空のバッグ。","Saco vazio que contém 30 g de cannabis.","可容纳30克大麻的空袋子。",
cp_skunk_weed_bag0,"Bag of Skunk Weed","Bag of Skunk Weed","Pytel konopí Skunk","Beutel mit Skunk-Cannabis","Пакет с коноплей Skunk","Torba konopii Skunk","Skunk kenderzacskó","Borsa di cannabis Skunk","Bolsa de cannabis Skunk","Sac de cannabis Skunk","臭鼬大麻袋","スカンク大麻袋","Saco de Skunk (cannabis)","臭鼬大麻袋",
cp_skunk_weed_bag1,"About an ounce of Skunk weed.","About 30 grams of Skunk cannabis.","Asi 30 g konopí Skunk.","Etwa 30 Gramm Skunk-Cannabis.","Около 30 граммов конопли Skunk.","Około 30 gram konopii Skunk.","Körülbelül 30 gramm Skunk kender.","Circa 30 g di cannabis Skunk.","Unos 30 gramos de cannabis Skunk.","Environ 30 g de cannabis Skunk.","约30克臭鼬大麻。","約30グラムのスカンク大麻。","Cerca de 30 g de Skunk (cannabis).","大约30克臭鼬大麻。",
cp_blue_god_weed_bag0,"Bag of Blue God Weed","Bag of Blue God Weed","Pytel konopí Blue God","Beutel mit Blue God-Cannabis","Пакет с коноплей Blue God","Torba konopii Blue God","Blue God kenderzacskó","Borsa di cannabis Blue God","Bolsa de cannabis Blue God","Sac de cannabis Blue God","蓝神大麻袋","ブルーゴッド大麻袋","Saco de Blue God (cannabis)","蓝神大麻袋",
cp_blue_god_weed_bag1,"About an ounce of Blue God weed.","About 30 grams of Blue God cannabis.","Asi 30 g konopí Blue God.","Etwa 30 Gramm Blue God-Cannabis.","Около 30 граммов конопли Blue God.","Około 30 gram konopii Blue God.","Körülbelül 30 gramm Blue God kender.","Circa 30 g di cannabis Blue God.","Unos 30 gramos de cannabis Blue God.","Environ 30 g de cannabis Blue God.","约30克蓝神大麻。","約30グラムのブルーゴッド大麻。","Cerca de 30 g de Blue God (cannabis).","大约30克蓝神大麻。",
cp_purple_kush_weed_bag0,"Bag of Purple Kush Weed","Bag of Purple Kush Weed","Pytel konopí Purple Kush","Beutel mit Purple Kush-Cannabis","Пакет с коноплей Purple Kush","Torba konopii Purple Kush","Purple Kush kenderzacskó","Borsa di cannabis Purple Kush","Bolsa de cannabis Purple Kush","Sac de cannabis Purple Kush","紫紫大麻袋","パープルクッシュ大麻袋","Saco de Purple Kush (cannabis)","紫紫大麻袋",
cp_purple_kush_weed_bag1,"About an ounce of Purple Kush weed.","About 30 grams of Purple Kush cannabis.","Asi 30 g konopí Purple Kush.","Etwa 30 Gramm Purple Kush-Cannabis.","Около 30 граммов конопли Purple Kush.","Około 30 gram konopii Purple Kush.","Körülbelül 30 gramm Purple Kush kender.","Circa 30 g di cannabis Purple Kush.","Unos 30 gramos de cannabis Purple Kush.","Environ 30 g de cannabis Purple Kush.","约30克紫紫大麻。","約30グラムのパープルクッシュ大麻。","Cerca de 30 g de Purple Kush (cannabis).","大约30克紫紫大麻。",
cp_stardawg_weed_bag0,"Bag of Stardawg Weed","Bag of Stardawg Weed","Pytel konopí Stardawg","Beutel mit Stardawg-Cannabis","Пакет с коноплей Stardawg","Torba konopii Stardawg","Stardawg kenderzacskó","Borsa di cannabis Stardawg","Bolsa de cannabis Stardawg","Sac de cannabis Stardawg","星狗大麻袋","スターダウグ大麻袋","Saco de Stardawg (cannabis)","星狗大麻袋",
cp_stardawg_weed_bag1,"About an ounce of Stardawg weed.","About 30 grams of Stardawg cannabis.","Asi 30 g konopí Stardawg.","Etwa 30 Gramm Stardawg-Cannabis.","Около 30 граммов конопли Stardawg.","Około 30 gram konopii Stardawg.","Körülbelül 30 gramm Stardawg kender.","Circa 30 g di cannabis Stardawg.","Unos 30 gramos de cannabis Stardawg.","Environ 30 g de cannabis Stardawg.","约30克星狗大麻。","約30グラムのスターダウグ大麻。","Cerca de 30 g de Stardawg (cannabis).","大约30克星狗大麻。",
cp_future_weed_bag0,"Bag of Future Weed","Bag of Future Weed","Pytel konopí Future","Beutel mit Future-Cannabis","Пакет с коноплей Future","Torba konopii Future","Future kenderzacskó","Borsa di cannabis Future","Bolsa de cannabis Future","Sac de cannabis Future","未来大麻袋","フューチャー大麻袋","Saco de Future (cannabis)","未来大麻袋",
cp_future_weed_bag1,"About an ounce of Future weed.","About 30 grams of Future cannabis.","Asi 30 g konopí Future.","Etwa 30 Gramm Future-Cannabis.","Около 30 граммов конопли Future.","Około 30 gram konopii Future.","Körülbelül 30 gramm Future kender.","Circa 30 g di cannabis Future.","Unos 30 gramos de cannabis Future.","Environ 30 g de cannabis Future.","约30克未来大麻。","約30グラムのフューチャー大麻。","Cerca de 30 g de Future (cannabis).","大约30克未来大麻。",
cp_s1_hemp_bag0,"Bag of S1 Hemp","Bag of S1 Hemp","Pytel konopí S1","Beutel mit S1-Hanf","Пакет с коноплей S1","Torba konopii S1","S1 kenderzacskó","Borsa di canapa S1","Bolsa de cáñamo S1","Sac de chanvre S1","S1工业大麻袋","S1ヘンプ袋","Saco de cânhamo S1","S1工业大麻袋",
cp_s1_hemp_bag1,"About an ounce of S1 hemp. Sponsored by StevesGoods.com","About 30 grams of S1 hemp. Sponsored by StevesGoods.com","Asi 30 g konopí S1. Sponzorováno StevesGoods.com.","Etwa 30 Gramm S1-Hanf. Gesponsert von StevesGoods.com.","Около 30 граммов конопли S1. Спонсировано StevesGoods.com.","Około 30 gram konopii S1. Sponsorowane przez StevesGoods.com.","Körülbelül 30 gramm S1 kender. Támogatta a StevesGoods.com.","Circa 30 g di canapa S1. Offerto da StevesGoods.com.","Unos 30 gramos de cáñamo S1. Patrocinado por StevesGoods.com.","Environ 30 g de chanvre S1. Sponsorisé par StevesGoods.com.","约30克S1工业大麻。由StevesGoods.com赞助。","約30グラムのS1ヘンプ。StevesGoods.comのスポンサー提供。","Cerca de 30 g de cânhamo S1. Patrocinado por StevesGoods.com.","大约30克S1工业大麻。由StevesGoods.com赞助。",
cp_nomad_weed_bag0,"Bag of Nomad Weed","Bag of Nomad Weed","Pytel konopí Nomad","Beutel mit Nomad-Cannabis","Пакет с коноплей Nomad","Torba konopii Nomad","Nomad kenderzacskó","Borsa di cannabis Nomad","Bolsa de cannabis Nomad","Sac de cannabis Nomad","游牧大麻袋","ノマド大麻袋","Saco de Nomad (cannabis)","游牧大麻袋",
cp_nomad_weed_bag1,"About an ounce of Nomad weed.","About 30 grams of Nomad cannabis.","Asi 30 g konopí Nomad.","Etwa 30 Gramm Nomad-Cannabis.","Около 30 граммов конопли Nomad.","Około 30 gram konopii Nomad.","Körülbelül 30 gramm Nomad kender.","Circa 30 g di cannabis Nomad.","Unos 30 gramos de cannabis Nomad.","Environ 30 g de cannabis Nomad.","约30克游牧大麻。","約30グラムのノマド大麻。","Cerca de 30 g de Nomad (cannabis).","大约30克游牧大麻。",
cp_black_frost_weed_bag0,"Bag of Black Frost Weed","Bag of Black Frost Weed","Pytel konopí Black Frost","Beutel mit Black Frost-Cannabis","Пакет с коноплей Black Frost","Torba konopii Black Frost","Black Frost kenderzacskó","Borsa di cannabis Black Frost","Bolsa de cannabis Black Frost","Sac de cannabis Black Frost","黑霜大麻袋","ブラックフロスト大麻袋","Saco de Black Frost (cannabis)","黑霜大麻袋",
cp_black_frost_weed_bag1,"About an ounce of Black Frost weed.","About 30 grams of Black Frost cannabis.","Asi 30 g konopí Black Frost.","Etwa 30 Gramm Black Frost-Cannabis.","Около 30 граммов конопли Black Frost.","Około 30 gram konopii Black Frost.","Körülbelül 30 gramm Black Frost kender.","Circa 30 g di cannabis Black Frost.","Unos 30 gramos de cannabis Black Frost.","Environ 30 g de cannabis Black Frost.","约30克黑霜大麻。","約30グラムのブラックフロスト大麻。","Cerca de 30 g de Black Frost (cannabis).","大约30克黑霜大麻。",
cp_medium_box0,"Medium Box","Medium Box","Střední krabice","Mittelgroße Box","Средняя коробка","Średnie pudełko","Közepes doboz","Scatola media","Caja mediana","Boîte moyenne","中型箱","中型ボックス","Caixa média","中型箱",
cp_medium_box1,"A medium box.","A medium-sized box.","Střední krabice.","Eine mittelgroße Box.","Средняя коробка.","Średniej wielkości pudełko.","Egy közepes méretű doboz.","Una scatola di medie dimensioni.","Una caja de tamaño medio.","Une boîte de taille moyenne.","一个中等大小的箱子。","中くらいの箱。","Uma caixa de tamanho médio.","一个中型的箱子。",
cp_small_box0,"Small Box","Small Box","Malá krabice","Kleine Box","Маленькая коробка","Małe pudełko","Kis doboz","Scatola piccola","Caja pequeña","Petite boîte","小型箱","小型ボックス","Caixa pequena","小型箱",
cp_small_box1,"A small box.","A small-sized box.","Malá krabice.","Eine kleine Box.","Маленькая коробка.","Małej wielkości pudełko.","Egy kis méretű doboz.","Una scatola di piccole dimensioni.","Una caja de tamaño pequeño.","Une boîte de petite taille.","一个小型的箱子。","小さな箱。","Uma caixa de tamanho pequeno.","一个小型的箱子。",
cp_brick_base0,"Brick Base","Brick Base","Základní cihla","Ziegelbasis","Кирпич-основа","Podstawa cegły","Tégla alap","Base di mattone","Base de ladrillo","Base en brique","砖基","レンガの基礎","Base de tijolo","砖基",
cp_brick_base1,"Base","Base","Základ","Basis","Основа","Podstawa","Alap","Base","Base","Base","基础","基礎","Base","基础",
cp_skunk_weed_brick0,"Brick of Skunk Weed","Brick of Skunk Weed","Cihla konopí Skunk","Skunk-Cannabis-Ziegel","Кирпич из конопли Skunk","Cegła konopii Skunk","Skunk kender tégla","Mattone di cannabis Skunk","Ladrillo de cannabis Skunk","Brique de cannabis Skunk","臭鼬大麻砖","スカンク大麻レンガ","Tijolo de Skunk (cannabis)","臭鼬大麻砖",
cp_skunk_weed_brick1,"One pound of Skunk weed.","About half a kilogram of Skunk cannabis.","Asi půl kila konopí Skunk.","Etwa ein halbes Kilo Skunk-Cannabis.","Около полкилограмма конопли Skunk.","Około pół kilograma konopii Skunk.","Körülbelül fél kilogramm Skunk kender.","Circa mezzo chilo di cannabis Skunk.","Unos 500 gramos de cannabis Skunk.","Environ un demi-kilo de cannabis Skunk.","大约半公斤臭鼬大麻。","約0.5キログラムのスカンク大麻。","Cerca de 500 g de Skunk (cannabis).","大约半公斤臭鼬大麻。",
cp_blue_god_weed_brick0,"Brick of Blue God Weed","Brick of Blue God Weed","Cihla konopí Blue God","Blue God-Cannabis-Ziegel","Кирпич из конопли Blue God","Cegła konopii Blue God","Blue God kender tégla","Mattone di cannabis Blue God","Ladrillo de cannabis Blue God","Brique de cannabis Blue God","蓝神大麻砖","ブルーゴッド大麻レンガ","Tijolo de Blue God (cannabis)","蓝神大麻砖",
cp_blue_god_weed_brick1,"One pound of Blue God weed.","About half a kilogram of Blue God cannabis.","Asi půl kila konopí Blue God.","Etwa ein halbes Kilo Blue God-Cannabis.","Около полкилограмма конопли Blue God.","Około pół kilograma konopii Blue God.","Körülbelül fél kilogramm Blue God kender.","Circa mezzo chilo di cannabis Blue God.","Unos 500 gramos de cannabis Blue God.","Environ un demi-kilo de cannabis Blue God.","大约半公斤蓝神大麻。","約0.5キログラムのブルーゴッド大麻。","Cerca de 500 g de Blue God (cannabis).","大约半公斤蓝神大麻。",
cp_purple_kush_weed_brick0,"Brick of Purple Kush Weed","Brick of Purple Kush Weed","Cihla konopí Purple Kush","Purple Kush-Cannabis-Ziegel","Кирпич из конопли Purple Kush","Cegła konopii Purple Kush","Purple Kush kender tégla","Mattone di cannabis Purple Kush","Ladrillo de cannabis Purple Kush","Brique de cannabis Purple Kush","紫紫大麻砖","パープルクッシュ大麻レンガ","Tijolo de Purple Kush (cannabis)","紫紫大麻砖",
cp_purple_kush_weed_brick1,"One pound of Purple Kush weed.","About half a kilogram of Purple Kush cannabis.","Asi půl kila konopí Purple Kush.","Etwa ein halbes Kilo Purple Kush-Cannabis.","Около полкилограмма конопли Purple Kush.","Około pół kilograma konopii Purple Kush.","Körülbelül fél kilogramm Purple Kush kender.","Circa mezzo chilo di cannabis Purple Kush.","Unos 500 gramos de cannabis Purple Kush.","Environ un demi-kilo de cannabis Purple Kush.","大约半公斤紫紫大麻。","約0.5キログラムのパープルクッシュ大麻。","Cerca de 500 g de Purple Kush (cannabis).","大约半公斤紫紫大麻。",
cp_stardawg_weed_brick0,"Brick of Stardawg Weed","Brick of Stardawg Weed","Cihla konopí Stardawg","Stardawg-Cannabis-Ziegel","Кирпич из конопли Stardawg","Cegła konopii Stardawg","Stardawg kender tégla","Mattone di cannabis Stardawg","Ladrillo de cannabis Stardawg","Brique de cannabis Stardawg","星狗大麻砖","スターダウグ大麻レンガ","Tijolo de Stardawg (cannabis)","星狗大麻砖",
cp_stardawg_weed_brick1,"One pound of Stardawg weed.","About half a kilogram of Stardawg cannabis.","Asi půl kila konopí Stardawg.","Etwa ein halbes Kilo Stardawg-Cannabis.","Около полкилограмма конопли Stardawg.","Około pół kilograma konopii Stardawg.","Körülbelül fél kilogramm Stardawg kender.","Circa mezzo chilo di cannabis Stardawg.","Unos 500 gramos de cannabis Stardawg.","Environ un demi-kilo de cannabis Stardawg.","大约半公斤星狗大麻。","約0.5キログラムのスターダウグ大麻。","Cerca de 500 g de Stardawg (cannabis).","大约半公斤星狗大麻。",
cp_future_weed_brick0,"Brick of Future Weed","Brick of Future Weed","Cihla konopí Future","Future-Cannabis-Ziegel","Кирпич из конопли Future","Cegła konopii Future","Future kender tégla","Mattone di cannabis Future","Ladrillo de cannabis Future","Brique de cannabis Future","未来大麻砖","フューチャー大麻レンガ","Tijolo de Future (cannabis)","未来大麻砖",
cp_future_weed_brick1,"One pound of Future weed.","About half a kilogram of Future cannabis.","Asi půl kila konopí Future.","Etwa ein halbes Kilo Future-Cannabis.","Около полкилограмма конопли Future.","Około pół kilograma konopii Future.","Körülbelül fél kilogramm Future kender.","Circa mezzo chilo di cannabis Future.","Unos 500 gramos de cannabis Future.","Environ un demi-kilo de cannabis Future.","大约半公斤未来大麻。","約0.5キログラムのフューチャー大麻。","Cerca de 500 g de Future (cannabis).","大约半公斤未来大麻。",
cp_s1_hemp_brick0,"Brick of S1 Hemp","Brick of S1 Hemp","Cihla konopí S1","S1-Hanfziegel","Кирпич из конопли S1","Cegła konopii S1","S1 kender tégla","Mattone di canapa S1","Ladrillo de cáñamo S1","Brique de chanvre S1","S1工业大麻砖","S1ヘンプレンガ","Tijolo de cânhamo S1","S1工业大麻砖",
cp_s1_hemp_brick1,"One pound of S1 hemp.  Sponsored by StevesGoods.com","About half a kilogram of S1 hemp. Sponsored by StevesGoods.com","Asi půl kila konopí S1. Sponzorováno StevesGoods.com.","Etwa ein halbes Kilo S1-Hanf. Gesponsert von StevesGoods.com.","Около полкилограмма конопли S1. Спонсировано StevesGoods.com.","Około pół kilograma konopii S1. Sponsorowane przez StevesGoods.com.","Körülbelül fél kilogramm S1 kender. Támogatta a StevesGoods.com.","Circa mezzo chilo di canapa S1. Offerto da StevesGoods.com.","Unos 500 gramos de cáñamo S1. Patrocinado por StevesGoods.com.","Environ un demi-kilo de chanvre S1. Sponsorisé par StevesGoods.com.","约半公斤S1工业大麻。由StevesGoods.com赞助。","約0.5キログラムのS1ヘンプ。StevesGoods.comのスポンサー提供。","Cerca de 500 g de cânhamo S1. Patrocinado por StevesGoods.com.","大约半公斤S1工业大麻。由StevesGoods.com赞助。",
cp_nomad_weed_brick0,"Brick of Nomad Weed","Brick of Nomad Weed","Cihla konopí Nomad","Nomad-Cannabis-Ziegel","Кирпич из конопли Nomad","Cegła konopii Nomad","Nomad kender tégla","Mattone di cannabis Nomad","Ladrillo de cannabis Nomad","Brique de cannabis Nomad","游牧大麻砖","ノマド大麻レンガ","Tijolo de Nomad (cannabis)","游牧大麻砖",
cp_nomad_weed_brick1,"One pound of Nomad weed.","About half a kilogram of Nomad cannabis.","Asi půl kila konopí Nomad.","Etwa ein halbes Kilo Nomad-Cannabis.","Около полкилограмма конопли Nomad.","Około pół kilograma konopii Nomad.","Körülbelül fél kilogramm Nomad kender.","Circa mezzo chilo di cannabis Nomad.","Unos 500 gramos de cannabis Nomad.","Environ un demi-kilo de cannabis Nomad.","大约半公斤游牧大麻。","約0.5キログラムのノマド大麻。","Cerca de 500 g de Nomad (cannabis).","大约半公斤游牧大麻。",
cp_black_frost_weed_brick0,"Brick of Black Frost Weed","Brick of Black Frost Weed","Cihla konopí Black Frost","Black Frost-Cannabis-Ziegel","Кирпич из конопли Black Frost","Cegła konopii Black Frost","Black Frost kender tégla","Mattone di cannabis Black Frost","Ladrillo de cannabis Black Frost","Brique de cannabis Black Frost","黑霜大麻砖","ブラックフロスト大麻レンガ","Tijolo de Black Frost (cannabis)","黑霜大麻砖",
cp_black_frost_weed_brick1,"One pound of Black Frost weed.","About half a kilogram of Black Frost cannabis.","Asi půl kila konopí Black Frost.","Etwa ein halbes Kilo Black Frost-Cannabis.","Около полкилограмма конопли Black Frost.","Około pół kilograma konopii Black Frost.","Körülbelül fél kilogramm Black Frost kender.","Circa mezzo chilo di cannabis Black Frost.","Unos 500 gramos de cannabis Black Frost.","Environ un demi-kilo de cannabis Black Frost.","大约半公斤黑霜大麻。","約0.5キログラムのブラックフロスト大麻。","Cerca de 500 g de Black Frost (cannabis).","大约半公斤黑霜大麻。",
cp_cbd_relief_balm0,"CBD Relief Balm","CBD Relief Balm","Balzám na úlevu od bolesti CBD","CBD-Schmerzlinderungsbalsam","Бальзам CBD для облегчения боли","Balsam CBD na ból","CBD fájdalomcsillapító balzsam","Balsamo al CBD per il sollievo dal dolore","Bálsamo de alivio de CBD","Baume de soulagement au CBD","CBD止痛膏","CBDリリーフバーム","Bálsamo de alívio de CBD","CBD止痛膏",
cp_cbd_relief_balm1,"What if I told you that pain relief is just a swipe away? This revolutionary full spectrum salve holds the key to relieving pain with ease. Rub it on your knees after an epic day of hiking, apply it to your wrists after a long day of typing, or massage it into the back of your neck when dealing with headaches!  Sponsored by StevesGoods.com","What if I told you that pain relief is just a swipe away? This revolutionary full-spectrum salve holds the key to easing pain. Rub it on your knees after a day of hiking, apply it to your wrists after typing, or massage it into your neck for headache relief! Sponsored by StevesGoods.com.","Co kdybych vám řekl, že úleva od bolesti je na dosah ruky? Tento revoluční balzám s plným spektrem je klíčem k snadnému zmírnění bolesti. Natřete si ho na kolena po dni túry, naneste na zápěstí po dni psaní nebo vmasírujte do zátylku při bolestech hlavy! Sponzorováno StevesGoods.com.","Was wäre, wenn ich Ihnen sagen würde, dass die Schmerzfreiheit nur einen Wisch entfernt ist? Diese revolutionäre Vollspektrum-Salbe ist der Schlüssel zur Schmerzlinderung. Reiben Sie sie auf Ihre Knie nach einem Wandertag, tragen Sie sie auf Ihre Handgelenke nach einem langen Tag am Computer auf oder massieren Sie sie in Ihren Nacken bei Kopfschmerzen! Gesponsert von StevesGoods.com.","Что если я скажу вам, что избавление от боли всего в одном движении? Эта революционная мазь с полным спектром действий помогает облегчить боль с легкостью. Нанесите ее на колени после похода, на запястья после долгого дня печатания или помассируйте ею шею при головных болях! Спонсировано StevesGoods.com.","Co byś powiedział, gdybym powiedział, że ulga w bólu jest na wyciągnięcie ręki? Ten rewolucyjny balsam o pełnym spektrum działania ułatwia łagodzenie bólu. Wcieraj w kolana po długiej wędrówce, stosuj na nadgarstki po dniu pisania, masuj kark przy bólu głowy! Sponsorowane przez StevesGoods.com.","Mi lenne, ha azt mondanám, hogy a fájdalomcsillapítás egy mozdulatnyira van? Ez a forradalmi, teljes spektrumú balzsam a fájdalom enyhítésének kulcsa. Kend a térdedre egy hosszú túra után, használd a csuklóidon gépelés után, vagy masszírozd a nyakadba fejfájás esetén! A StevesGoods.com szponzorálásában.","E se ti dicessi che il sollievo dal dolore è a portata di mano? Questo rivoluzionario unguento a spettro completo è la chiave per alleviare il dolore. Applicalo sulle ginocchia dopo una giornata di escursioni, sui polsi dopo ore di digitazione, o massaggialo sulla nuca per alleviare il mal di testa! Offerto da StevesGoods.com.","¿Qué tal si te digo que el alivio del dolor está al alcance de un desliz? Este revolucionario ungüento de espectro completo tiene la clave para aliviar el dolor fácilmente. Frótalo en tus rodillas después de un día de senderismo, aplícalo en tus muñecas tras un largo día escribiendo, o masajea tu cuello cuando tengas dolores de cabeza. ¡Patrocinado por StevesGoods.com!","Et si je vous disais que le soulagement de la douleur est à portée de main ? Ce baume révolutionnaire à spectre complet détient la clé pour soulager la douleur facilement. Frottez-le sur vos genoux après une journée de randonnée, appliquez-le sur vos poignets après avoir tapé toute la journée ou massez-le sur votre nuque en cas de maux de tête ! Parrainé par StevesGoods.com.","如果我告诉你，缓解疼痛只需一抹呢？这款革命性的全光谱软膏是轻松缓解疼痛的关键。远足一天后涂抹在膝盖上，长时间打字后涂抹在手腕上，或者在头痛时按摩颈后部！由StevesGoods.com赞助。","痛みの軽減がほんのひと拭きで可能だと言ったらどうしますか？この革新的なフルスペクトル軟膏は、簡単に痛みを和らげる鍵です。ハイキングの後に膝に塗ったり、長いタイピングの後に手首に塗ったり、頭痛の際には首の後ろにマッサージしてください！StevesGoods.comのスポンサー提供。","E se eu te dissesse que o alívio da dor está a apenas um toque de distância? Este unguento revolucionário de espectro completo é a chave para aliviar a dor com facilidade. Esfregue-o nos joelhos após um dia de caminhada, aplique-o nos pulsos após um longo dia digitando ou massageie-o na parte de trás do pescoço para aliviar dores de cabeça! Patrocinado por StevesGoods.com.","如果我告诉你，缓解疼痛只需一抹呢？这款革命性的全光谱软膏是轻松缓解疼痛的关键。远足一天后涂抹在膝盖上，长时间打字后涂抹在手腕上，或者在头痛时按摩颈后部！由StevesGoods.com赞助。",
cp_unknown_substance0,"Unknown Substance","Unknown Substance","Neznámá látka","Unbekannte Substanz","Неизвестное вещество","Nieznana substancja","Ismeretlen anyag","Sostanza sconosciuta","Sustancia desconocida","Substance inconnue","未知物质","不明な物質","Substância desconhecida","未知物质",
cp_unknown_substance1,"A sticky, dark yellow substance. Smells like skunk.","A sticky, dark yellow substance. Smells like skunk.","Lepkavá, tmavě žlutá látka. Voní jako skunk.","Eine klebrige, dunkelgelbe Substanz. Riecht wie ein Stinktier.","Липкое, темно-желтое вещество. Пахнет, как скунс.","Lepka, ciemnożółta substancja. Pachnie jak skunks.","Ragadós, sötét sárga anyag. Szaga, mint a görényé.","Una sostanza appiccicosa, di colore giallo scuro. Ha un odore simile a uno skunk.","Una sustancia pegajosa, de color amarillo oscuro. Huele como un zorrillo.","Une substance collante, jaune foncé. Sent comme une mouffette.","一种粘稠的深黄色物质。闻起来像臭鼬。","粘着性のある濃い黄色の物質。スカンクのような匂いがします。","Uma substância pegajosa, de cor amarelo escuro. Cheira como um gambá.","一种粘稠的深黄色物质。闻起来像臭鼬。",
cp_empty_cigarettespack0,"Empty Cigarettespack","Empty Cigarettespack","Prázdná krabička cigaret","Leere Zigarettenschachtel","Пустая пачка сигарет","Pusta paczka papierosów","Üres cigarettás doboz","Pacchetto di sigarette vuoto","Paquete de cigarrillos vacío","Paquet de cigarettes vide","空的香烟盒","空のタバコパック","Pacote vazio de cigarros","空的香烟盒",
cp_empty_cigarettespack1,"Looking shaby but still usable","Looks shabby but still usable.","Vypadá ošuntěle, ale stále použitelná.","Sieht schäbig aus, ist aber noch brauchbar.","Выглядит потрепанно, но всё ещё пригодна.","Wygląda na zniszczoną, ale wciąż nadaje się do użytku.","Megviseltnek tűnik, de még használható.","Sembra malandato, ma è ancora utilizzabile.","Parece desgastado, pero aún es útil.","A l'air usé mais reste utilisable.","看起来破旧但仍可用。","古びて見えるが、まだ使える。","Parece desgastado, mas ainda é utilizável.","看起来破旧但仍可用。",
cp_empty_jointspack0,"Empty Jointspack","Empty Jointspack","Prázdná krabička jointů","Leere Jointpackung","Пустая пачка джойнтов","Pusta paczka jointów","Üres jointos doboz","Pacchetto di joint vuoto","Paquete de porros vacío","Paquet de joints vide","空的卷烟包","空のジョイントパック","Pacote vazio de baseados","空的卷烟包",
cp_empty_jointspack1,"Looking shaby but still usable","Looks shabby but still usable.","Vypadá ošuntěle, ale stále použitelná.","Sieht schäbig aus, ist aber noch brauchbar.","Выглядит потрепанно, но всё ещё пригодна.","Wygląda na zniszczoną, ale wciąż nadaje się do użytku.","Megviseltnek tűnik, de még használható.","Sembra malandato, ma è ancora utilizzabile.","Parece desgastado, pero aún es útil.","A l'air usé mais reste utilisable.","看起来破旧但仍可用。","古びて見えるが、まだ使える。","Parece desgastado, mas ainda é utilizável.","看起来破旧但仍可用。",
cp_chernamorka_cigarettes0,"Chernamorka Cigarettes","Chernamorka Cigarettes","Cigarety Chernamorka","Chernamorka-Zigaretten","Сигареты Чернаморка","Papierosy Chernamorka","Chernamorka cigaretta","Sigarette Chernamorka","Cigarrillos Chernamorka","Cigarettes Chernamorka","Chernamorka香烟","チェルナモルカのタバコ","Cigarros Chernamorka","Chernamorka香烟",
cp_chernamorka_cigarettes1,"A pack of finest Chernamorka Cigarettes","A pack of the finest Chernamorka Cigarettes.","Balíček nejlepších cigaret Chernamorka.","Eine Packung der besten Chernamorka-Zigaretten.","Пачка лучших сигарет Чернаморка.","Paczka najlepszych papierosów Chernamorka.","Egy csomag a legfinomabb Chernamorka cigarettából.","Un pacchetto delle migliori sigarette Chernamorka.","Un paquete de los mejores cigarrillos Chernamorka.","Un paquet des meilleures cigarettes Chernamorka.","一包最好的Chernamorka香烟。","最高のチェルナモルカのタバコのパック。","Um pacote dos melhores cigarros Chernamorka.","一包最好的Chernamorka香烟。",
cp_merkur_cigarettes0,"Merkur Cigarettes","Merkur Cigarettes","Cigarety Merkur","Merkur-Zigaretten","Сигареты Меркур","Papierosy Merkur","Merkur cigaretta","Sigarette Merkur","Cigarrillos Merkur","Cigarettes Merkur","Merkur香烟","メルクールのタバコ","Cigarros Merkur","Merkur香烟",
cp_merkur_cigarettes1,"A pack of finest Merkur Cigarettes","A pack of the finest Merkur Cigarettes.","Balíček nejlepších cigaret Merkur.","Eine Packung der besten Merkur-Zigaretten.","Пачка лучших сигарет Меркур.","Paczka najlepszych papierosów Merkur.","Egy csomag a legfinomabb Merkur cigarettából.","Un pacchetto delle migliori sigarette Merkur.","Un paquete de los mejores cigarrillos Merkur.","Un paquet des meilleures cigarettes Merkur.","一包最好的Merkur香烟。","最高のメルクールのタバコのパック。","Um pacote dos melhores cigarros Merkur.","一包最好的Merkur香烟。",
cp_partyzanka_cigarettes0,"Partyzanka Cigarettes","Partyzanka Cigarettes","Cigarety Partyzanka","Partyzanka-Zigaretten","Сигареты Партизанка","Papierosy Partyzanka","Partyzanka cigaretta","Sigarette Partyzanka","Cigarrillos Partyzanka","Cigarettes Partyzanka","Partyzanka香烟","パルティザンカのタバコ","Cigarros Partyzanka","Partyzanka香烟",
cp_partyzanka_cigarettes1,"A pack of finest Partyzanka Cigarettes","A pack of the finest Partyzanka Cigarettes.","Balíček nejlepších cigaret Partyzanka.","Eine Packung der besten Partyzanka-Zigaretten.","Пачка лучших сигарет Партизанка.","Paczka najlepszych papierosów Partyzanka.","Egy csomag a legfinomabb Partyzanka cigarettából.","Un pacchetto delle migliori sigarette Partyzanka.","Un paquete de los mejores cigarrillos Partyzanka.","Un paquet des meilleures cigarettes Partyzanka.","一包最好的Partyzanka香烟。","最高のパルティザンカのタバコのパック。","Um pacote dos melhores cigarros Partyzanka.","一包最好的Partyzanka香烟。",
cp_marijuana_cigarettes_skunk0,"Marijuana Cigarettes Skunk","Marijuana Cigarettes Skunk","Cigarety Marihuana Skunk","Skunk-Marihuana-Zigaretten","Сигареты с марихуаной Skunk","Papierosy z marihuaną Skunk","Skunk marihuanás cigaretta","Sigarette alla marijuana Skunk","Cigarrillos de marihuana Skunk","Cigarettes de marijuana Skunk","Skunk大麻香烟","スカンク種マリファナタバコ","Cigarros de Skunk (marihuana)","Skunk大麻香烟",
cp_marijuana_cigarettes_skunk1,"A pack of skunk marijuana cigarettes.","A pack of Skunk marijuana cigarettes.","Balíček cigaret s marihuanou Skunk.","Eine Packung Zigaretten mit Skunk-Marihuana.","Пачка сигарет с марихуаной Skunk.","Paczka papierosów z marihuaną Skunk.","Egy csomag cigaretta Skunk marihuánával.","Un pacchetto di sigarette alla marijuana Skunk.","Un paquete de cigarrillos de marihuana Skunk.","Un paquet de cigarettes à la marijuana Skunk.","一包含有Skunk大麻的香烟。","スカンク種マリファナタバコのパック。","Um pacote de cigarros com Skunk (marihuana).","一包含有Skunk大麻的香烟。",
cp_marijuana_cigarettes_blue_god0,"Marijuana Cigarettes Blue God","Marijuana Cigarettes Blue God","Cigarety Marihuana Blue God","Blue God-Marihuana-Zigaretten","Сигареты с марихуаной Blue God","Papierosy z marihuaną Blue God","Blue God marihuanás cigaretta","Sigarette alla marijuana Blue God","Cigarrillos de marihuana Blue God","Cigarettes de marijuana Blue God","Blue God大麻香烟","ブルーゴッド種マリファナタバコ","Cigarros de Blue God (marihuana)","Blue God大麻香烟",
cp_marijuana_cigarettes_blue_god1,"A pack of Blue God marijuana cigarettes.","A pack of Blue God marijuana cigarettes.","Balíček cigaret s marihuanou Blue God.","Eine Packung Zigaretten mit Blue God-Marihuana.","Пачка сигарет с марихуаной Blue God.","Paczka papierosów z marihuaną Blue God.","Egy csomag cigaretta Blue God marihuánával.","Un pacchetto di sigarette alla marijuana Blue God.","Un paquete de cigarrillos de marihuana Blue God.","Un paquet de cigarettes à la marijuana Blue God.","一包含有Blue God大麻的香烟。","ブルーゴッド種マリファナタバコのパック。","Um pacote de cigarros com Blue God (marihuana).","一包含有Blue God大麻的香烟。",
cp_marijuana_cigarettes_purple_kush0,"Marijuana Cigarettes Purple Kush","Marijuana Cigarettes Purple Kush","Cigarety Marihuana Purple Kush","Purple Kush-Marihuana-Zigaretten","Сигареты с марихуаной Purple Kush","Papierosy z marihuaną Purple Kush","Purple Kush marihuanás cigaretta","Sigarette alla marijuana Purple Kush","Cigarrillos de marihuana Purple Kush","Cigarettes de marijuana Purple Kush","Purple Kush大麻香烟","パープルクッシュ種マリファナタバコ","Cigarros de Purple Kush (marihuana)","Purple Kush大麻香烟",
cp_marijuana_cigarettes_purple_kush1,"A pack of purple kush marijuana cigarettes.","A pack of Purple Kush marijuana cigarettes.","Balíček cigaret s marihuanou Purple Kush.","Eine Packung Zigaretten mit Purple Kush-Marihuana.","Пачка сигарет с марихуаной Purple Kush.","Paczka papierosów z marihuaną Purple Kush.","Egy csomag cigaretta Purple Kush marihuánával.","Un pacchetto di sigarette alla marijuana Purple Kush.","Un paquete de cigarrillos de marihuana Purple Kush.","Un paquet de cigarettes à la marijuana Purple Kush.","一包含有Purple Kush大麻的香烟。","パープルクッシュ種マリファナタバコのパック。","Um pacote de cigarros com Purple Kush (marihuana).","一包含有Purple Kush大麻的香烟。",
cp_marijuana_cigarettes_stardawg0,"Marijuana Cigarettes Stardawg","Marijuana Cigarettes Stardawg","Cigarety Marihuana Stardawg","Stardawg-Marihuana-Zigaretten","Сигареты с марихуаной Stardawg","Papierosy z marihuaną Stardawg","Stardawg marihuanás cigaretta","Sigarette alla marijuana Stardawg","Cigarrillos de marihuana Stardawg","Cigarettes de marijuana Stardawg","Stardawg大麻香烟","スターダウグ種マリファナタバコ","Cigarros de Stardawg (marihuana)","Stardawg大麻香烟",
cp_marijuana_cigarettes_stardawg1,"A pack of Stardawg marijuana cigarettes.","A pack of Stardawg marijuana cigarettes.","Balíček cigaret s marihuanou Stardawg.","Eine Packung Zigaretten mit Stardawg-Marihuana.","Пачка сигарет с марихуаной Stardawg.","Paczka papierosów z marihuaną Stardawg.","Egy csomag cigaretta Stardawg marihuánával.","Un pacchetto di sigarette alla marijuana Stardawg.","Un paquete de cigarrillos de marihuana Stardawg.","Un paquet de cigarettes à la marijuana Stardawg.","一包含有Stardawg大麻的香烟。","スターダウグ種マリファナタバコのパック。","Um pacote de cigarros com Stardawg (marihuana).","一包含有Stardawg大麻的香烟。",
cp_marijuana_cigarettes_future0,"Marijuana Cigarettes Future","Marijuana Cigarettes Future","Cigarety Marihuana Future","Future-Marihuana-Zigaretten","Сигареты с марихуаной Future","Papierosy z marihuaną Future","Future marihuanás cigaretta","Sigarette alla marijuana Future","Cigarrillos de marihuana Future","Cigarettes de marijuana Future","Future大麻香烟","フューチャー種マリファナタバコ","Cigarros de Future (marihuana)","Future大麻香烟",
cp_marijuana_cigarettes_future1,"A pack of Future marijuana cigarettes.","A pack of Future marijuana cigarettes.","Balíček cigaret s marihuanou Future.","Eine Packung Zigaretten mit Future-Marihuana.","Пачка сигарет с марихуаной Future.","Paczka papierosów z marihuaną Future.","Egy csomag cigaretta Future marihuánával.","Un pacchetto di sigarette alla marijuana Future.","Un paquete de cigarrillos de marihuana Future.","Un paquet de cigarettes à la marijuana Future.","一包含有Future大麻的香烟。","フューチャー種マリファナタバコのパック。","Um pacote de cigarros com Future (marihuana).","一包含有Future大麻的香烟。",
cp_hemp_cigarettes_s10,"Hemp Cigarettes S1","Hemp Cigarettes S1","Cigarety Konopí S1","S1-Hanfzigaretten","Сигареты из конопли S1","Papierosy z konopi S1","S1 kendermagos cigaretta","Sigarette di canapa S1","Cigarrillos de cáñamo S1","Cigarettes de chanvre S1","S1工业大麻香烟","S1ヘンプタバコ","Cigarros de cânhamo S1","S1工业大麻香烟",
cp_hemp_cigarettes_s11,"A pack of S1 hemp cigarettes. Sponsored by StevesGoods.com","A pack of S1 hemp cigarettes. Sponsored by StevesGoods.com.","Balíček cigaret z konopí S1. Sponzorováno StevesGoods.com.","Eine Packung S1-Hanfzigaretten. Gesponsert von StevesGoods.com.","Пачка сигарет из конопли S1. Спонсировано StevesGoods.com.","Paczka papierosów z konopi S1. Sponsorowane przez StevesGoods.com.","Egy csomag S1 kendermagos cigaretta. A StevesGoods.com támogatásával.","Un pacchetto di sigarette di canapa S1. Offerto da StevesGoods.com.","Un paquete de cigarrillos de cáñamo S1. Patrocinado por StevesGoods.com.","Un paquet de cigarettes de chanvre S1. Sponsorisé par StevesGoods.com.","一包S1工业大麻香烟。由StevesGoods.com赞助。","S1ヘンプタバコのパック。StevesGoods.com提供。","Um pacote de cigarros de cânhamo S1. Patrocinado por StevesGoods.com.","一包S1工业大麻香烟。由StevesGoods.com赞助。",
cp_marijuana_cigarettes_nomad0,"Marijuana Cigarettes Nomad","Marijuana Cigarettes Nomad","Cigarety Marihuana Nomad","Nomad-Marihuana-Zigaretten","Сигареты с марихуаной Nomad","Papierosy z marihuaną Nomad","Nomad marihuanás cigaretta","Sigarette alla marijuana Nomad","Cigarrillos de marihuana Nomad","Cigarettes de marijuana Nomad","Nomad大麻香烟","ノマド種マリファナタバコ","Cigarros de Nomad (marihuana)","Nomad大麻香烟",
cp_marijuana_cigarettes_nomad1,"A pack of Nomad marijuana cigarettes.","A pack of Nomad marijuana cigarettes.","Balíček cigaret s marihuanou Nomad.","Eine Packung Zigaretten mit Nomad-Marihuana.","Пачка сигарет с марихуаной Nomad.","Paczka papierosów z marihuaną Nomad.","Egy csomag cigaretta Nomad marihuánával.","Un pacchetto di sigarette alla marijuana Nomad.","Un paquete de cigarrillos de marihuana Nomad.","Un paquet de cigarettes à la marijuana Nomad.","一包含有Nomad大麻的香烟。","ノマド種マリファナタバコのパック。","Um pacote de cigarros com Nomad (marihuana).","一包含有Nomad大麻的香烟。",
cp_marijuana_cigarettes_black_frost0,"Marijuana Cigarettes Black Frost","Marijuana Cigarettes Black Frost","Cigarety Marihuana Black Frost","Black Frost-Marihuana-Zigaretten","Сигареты с марихуаной Black Frost","Papierosy z marihuaną Black Frost","Black Frost marihuanás cigaretta","Sigarette alla marijuana Black Frost","Cigarrillos de marihuana Black Frost","Cigarettes de marijuana Black Frost","Black Frost大麻香烟","ブラックフロスト種マリファナタバコ","Cigarros de Black Frost (marihuana)","Black Frost大麻香烟",
cp_marijuana_cigarettes_black_frost1,"A pack of Black Frost marijuana cigarettes.","A pack of Black Frost marijuana cigarettes.","Balíček cigaret s marihuanou Black Frost.","Eine Packung Zigaretten mit Black Frost-Marihuana.","Пачка сигарет с марихуаной Black Frost.","Paczka papierosów z marihuaną Black Frost.","Egy csomag cigaretta Black Frost marihuánával.","Un pacchetto di sigarette alla marijuana Black Frost.","Un paquete de cigarrillos de marihuana Black Frost.","Un paquet de cigarettes à la marijuana Black Frost.","一包含有Black Frost大麻的香烟。","ブラックフロスト種マリファナタバコのパック。","Um pacote de cigarros com Black Frost (marihuana).","一包含有Black Frost大麻的香烟。",
cp_cigarette0,"Cigarette","Cigarette","Cigareta","Zigarette","Сигарета","Papieros","Cigaretta","Sigaretta","Cigarrillo","Cigarette","香烟","タバコ","Cigarro","香烟",
cp_cigarette1,"A Cigarette made out of good Tobacco","A cigarette made of high-quality tobacco.","Cigareta z kvalitního tabáku.","Eine Zigarette aus hochwertigem Tabak.","Сигарета из качественного табака.","Papieros z dobrej jakości tytoniu.","Egy jó minőségű dohányból készült cigaretta.","Una sigaretta fatta con tabacco di alta qualità.","Un cigarrillo hecho de un buen tabaco.","Une cigarette faite avec du bon tabac.","由优质烟草制成的香烟。","良質なタバコで作られたタバコ。","Um cigarro feito de bom tabaco.","由优质烟草制成的香烟。",
cp_compost_bin0,"Compost Bin","Compost Bin","Kompostér","Kompostbehälter","Компостер","Kompostownik","Komposztláda","Composter","Cubo de compostaje","Bac à compost","堆肥桶","堆肥箱","Caixa de compostagem","堆肥桶",
cp_compost_bin1,"A bin for converting plant material into compost for fertilizer.","A bin for turning plant material into compost for use as fertilizer.","Nádoba na přeměnu rostlinného materiálu na kompost k hnojení.","Ein Behälter zum Umwandeln von Pflanzenmaterial in Kompost als Dünger.","Ёмкость для превращения растительного материала в компост для удобрения.","Pojemnik do przekształcania materiału roślinnego w kompost do nawożenia.","Egy edény növényi anyagok komposzttá alakítására trágyázáshoz.","Un contenitore per trasformare i materiali vegetali in compost per fertilizzanti.","Un recipiente para convertir material vegetal en compostaje para fertilizar.","Un bac pour convertir les matières végétales en compost pour engrais.","将植物材料转化为肥料堆肥的容器。","肥料用に植物材料を堆肥に変えるための容器。","Um recipiente para converter material vegetal em composto para fertilizante.","将植物材料转化为肥料堆肥的容器。",
cp_compost0,"Compost","Compost","Kompost","Kompost","Компост","Kompost","Komposzt","Compost","Compostaje","Compost","堆肥","堆肥","Composto","堆肥",
cp_compost1,"Composted plant material used for fertilizing.","Composted plant material used as fertilizer.","Kompostovaný rostlinný materiál používaný k hnojení.","Kompostiertes Pflanzenmaterial, das als Dünger verwendet wird.","Компостированный растительный материал, используемый для удобрения.","Składnik roślinny kompostowany jako nawóz.","Komposztált növényi anyag trágyázásra használva.","Materiale vegetale compostato usato come fertilizzante.","Material vegetal compostado utilizado como fertilizante.","Matière végétale compostée utilisée comme engrais.","堆肥化的植物材料，用作肥料。","肥料として使用される堆肥化された植物材料。","Material vegetal compostado usado como fertilizante.","堆肥化的植物材料，用作肥料。",
cp_base_bud0,"Base bud","Base Bud","Základní květ","Basis-Knospe","Базовый бутон","Podstawowy pączek","Alap rügy","Germoglio base","Brote base","Bourgeon de base","基础花蕾","基本の芽","Botão base","基础花蕾",
cp_base_bud1,"Base bud. Used for debugging.","Base bud. Used for debugging purposes.","Základní květ. Používá se pro ladění.","Basis-Knospe. Nur zu Debugging-Zwecken.","Базовый бутон. Используется для отладки.","Podstawowy pączek. Używany do debugowania.","Alap rügy. Hibakeresésre használva.","Germoglio base. Usato per il debug.","Brote base. Usado para depuración.","Bourgeon de base. Utilisé pour le débogage.","基础花蕾。用于调试。","基本の芽。デバッグ用。","Botão base. Usado para depuração.","基础花蕾。用于调试。",
cp_skunk_bud0,"Skunk Bud","Skunk Bud","Květ Skunk","Skunk-Knospe","Бутон Skunk","Pączek Skunk","Skunk rügy","Germoglio di Skunk","Brote de Skunk","Bourgeon de Skunk","Skunk花蕾","スカンクの芽","Botão Skunk","Skunk花蕾",
cp_skunk_bud1,"Some cannabis bud. Skunk variety","Cannabis bud. Skunk variety.","Nějaký květ konopí. Odrůda Skunk.","Cannabis-Knospe. Skunk-Sorte.","Бутон каннабиса. Сорт Skunk.","Pączek konopi. Odmiana Skunk.","Kender rügy. Skunk fajta.","Germoglio di cannabis. Varietà Skunk.","Brote de cannabis. Variedad Skunk.","Bourgeon de cannabis. Variété Skunk.","一些大麻花蕾。Skunk品种。","スカンク種のカンナビスの芽。","Botão de cannabis. Variedade Skunk.","一些大麻花蕾。Skunk品种。",
cp_blue_god_bud0,"Blue God Bud","Blue God Bud","Květ Blue God","Blue God-Knospe","Бутон Blue God","Pączek Blue God","Blue God rügy","Germoglio di Blue God","Brote de Blue God","Bourgeon de Blue God","Blue God花蕾","ブルーゴッドの芽","Botão Blue God","Blue God花蕾",
cp_blue_god_bud1,"Some cannabis bud. Blue God variety.","Cannabis bud. Blue God variety.","Nějaký květ konopí. Odrůda Blue God.","Cannabis-Knospe. Blue God-Sorte.","Бутон каннабиса. Сорт Blue God.","Pączek konopi. Odmiana Blue God.","Kender rügy. Blue God fajta.","Germoglio di cannabis. Varietà Blue God.","Brote de cannabis. Variedad Blue God.","Bourgeon de cannabis. Variété Blue God.","一些大麻花蕾。Blue God品种。","ブルーゴッド種のカンナビスの芽。","Botão de cannabis. Variedade Blue God.","一些大麻花蕾。Blue God品种。",
cp_purple_kush_bud0,"Purple Kush Bud","Purple Kush Bud","Květ Purple Kush","Purple Kush-Knospe","Бутон Purple Kush","Pączek Purple Kush","Purple Kush rügy","Germoglio di Purple Kush","Brote de Purple Kush","Bourgeon de Purple Kush","Purple Kush花蕾","パープルクッシュの芽","Botão Purple Kush","Purple Kush花蕾",
cp_purple_kush_bud1,"Some cannabis bud. Purple Kush variety.","Cannabis bud. Purple Kush variety.","Nějaký květ konopí. Odrůda Purple Kush.","Cannabis-Knospe. Purple Kush-Sorte.","Бутон каннабиса. Сорт Purple Kush.","Pączek konopi. Odmiana Purple Kush.","Kender rügy. Purple Kush fajta.","Germoglio di cannabis. Varietà Purple Kush.","Brote de cannabis. Variedad Purple Kush.","Bourgeon de cannabis. Variété Purple Kush.","一些大麻花蕾。Purple Kush品种。","パープルクッシュ種のカンナビスの芽。","Botão de cannabis. Variedade Purple Kush.","一些大麻花蕾。Purple Kush品种。",
cp_stardawg_bud0,"Stardawg Bud","Stardawg Bud","Květ Stardawg","Stardawg-Knospe","Бутон Stardawg","Pączek Stardawg","Stardawg rügy","Germoglio di Stardawg","Brote de Stardawg","Bourgeon de Stardawg","Stardawg花蕾","スターダウグの芽","Botão Stardawg","Stardawg花蕾",
cp_stardawg_bud1,"Some cannabis bud. Stardawg variety.","Cannabis bud. Stardawg variety.","Nějaký květ konopí. Odrůda Stardawg.","Cannabis-Knospe. Stardawg-Sorte.","Бутон каннабиса. Сорт Stardawg.","Pączek konopi. Odmiana Stardawg.","Kender rügy. Stardawg fajta.","Germoglio di cannabis. Varietà Stardawg.","Brote de cannabis. Variedad Stardawg.","Bourgeon de cannabis. Variété Stardawg.","一些大麻花蕾。Stardawg品种。","スターダウグ種のカンナビスの芽。","Botão de cannabis. Variedade Stardawg.","一些大麻花蕾。Stardawg品种。",
cp_future_bud0,"Future Bud","Future Bud","Květ Future","Future-Knospe","Бутон Future","Pączek Future","Future rügy","Germoglio di Future","Brote de Future","Bourgeon de Future","Future花蕾","フューチャーの芽","Botão Future","Future花蕾",
cp_future_bud1,"Some cannabis bud. Future variety.","Cannabis bud. Future variety.","Nějaký květ konopí. Odrůda Future.","Cannabis-Knospe. Future-Sorte.","Бутон каннабиса. Сорт Future.","Pączek konopi. Odmiana Future.","Kender rügy. Future fajta.","Germoglio di cannabis. Varietà Future.","Brote de cannabis. Variedad Future.","Bourgeon de cannabis. Variété Future.","一些大麻花蕾。Future品种。","フューチャー種のカンナビスの芽。","Botão de cannabis. Variedade Future.","一些大麻花蕾。Future品种。",
cp_s1_bud0,"S1 Bud","S1 Bud","Květ S1","S1-Knospe","Бутон S1","Pączek S1","S1 rügy","Germoglio di S1","Brote de S1","Bourgeon de S1","S1花蕾","S1の芽","Botão S1","S1花蕾",
cp_s1_bud1,"Some cannabis bud. S1 variety. Sponsored by StevesGoods.com","Cannabis bud. S1 variety. Sponsored by StevesGoods.com.","Nějaký květ konopí. Odrůda S1. Sponzorováno StevesGoods.com.","Cannabis-Knospe. S1-Sorte. Gesponsert von StevesGoods.com.","Бутон каннабиса. Сорт S1. Спонсировано StevesGoods.com.","Pączek konopi. Odmiana S1. Sponsorowane przez StevesGoods.com.","Kender rügy. S1 fajta. Támogatta a StevesGoods.com.","Germoglio di cannabis. Varietà S1. Offerto da StevesGoods.com.","Brote de cannabis. Variedad S1. Patrocinado por StevesGoods.com.","Bourgeon de cannabis. Variété S1. Sponsorisé par StevesGoods.com.","一些大麻花蕾。S1品种。由StevesGoods.com赞助。","S1種のカンナビスの芽。StevesGoods.com提供。","Botão de cannabis. Variedade S1. Patrocinado por StevesGoods.com.","一些大麻花蕾。S1品种。由StevesGoods.com赞助。",
cp_nomad_bud0,"Nomad Bud","Nomad Bud","Květ Nomad","Nomad-Knospe","Бутон Nomad","Pączek Nomad","Nomad rügy","Germoglio di Nomad","Brote de Nomad","Bourgeon de Nomad","Nomad花蕾","ノマドの芽","Botão Nomad","Nomad花蕾",
cp_nomad_bud1,"Some cannabis bud. Nomad variety.","Cannabis bud. Nomad variety.","Nějaký květ konopí. Odrůda Nomad.","Cannabis-Knospe. Nomad-Sorte.","Бутон каннабиса. Сорт Nomad.","Pączek konopi. Odmiana Nomad.","Kender rügy. Nomad fajta.","Germoglio di cannabis. Varietà Nomad.","Brote de cannabis. Variedad Nomad.","Bourgeon de cannabis. Variété Nomad.","一些大麻花蕾。Nomad品种。","ノマド種のカンナビスの芽。","Botão de cannabis. Variedade Nomad.","一些大麻花蕾。Nomad品种。",
cp_black_frost_bud0,"Black Frost Bud","Black Frost Bud","Květ Black Frost","Black Frost-Knospe","Бутон Black Frost","Pączek Black Frost","Black Frost rügy","Germoglio di Black Frost","Brote de Black Frost","Bourgeon de Black Frost","Black Frost花蕾","ブラックフロストの芽","Botão Black Frost","Black Frost花蕾",
cp_black_frost_bud1,"Some cannabis bud. Black Frost variety.","Cannabis bud. Black Frost variety.","Nějaký květ konopí. Odrůda Black Frost.","Cannabis-Knospe. Black Frost-Sorte.","Бутон каннабиса. Сорт Black Frost.","Pączek konopi. Odmiana Black Frost.","Kender rügy. Black Frost fajta.","Germoglio di cannabis. Varietà Black Frost.","Brote de cannabis. Variedad Black Frost.","Bourgeon de cannabis. Variété Black Frost.","一些大麻花蕾。Black Frost品种。","ブラックフロスト種のカンナビスの芽。","Botão de cannabis. Variedade Black Frost.","一些大麻花蕾。Black Frost品种。",
cp_tobacco_leaf0,"Tobacco Leaf","Tobacco Leaf","Tabákový list","Tabakblatt","Табачный лист","Liść tytoniu","Dohánylevél","Foglia di tabacco","Hoja de tabaco","Feuille de tabac","烟叶","タバコの葉","Folha de tabaco","烟叶",
cp_tobacco_leaf1,"Some tobacco leaves for rolling cigarettes","Tobacco leaves for rolling cigarettes.","Nějaké tabákové listy na balení cigaret.","Tabakblätter zum Zigarettenrollen.","Табачные листья для скручивания сигарет.","Liście tytoniu do zwijania papierosów.","Dohánylevelek cigaretták sodrásához.","Foglie di tabacco per arrotolare sigarette.","Hojas de tabaco para liar cigarrillos.","Feuilles de tabac pour rouler des cigarettes.","用于卷烟的烟叶。","タバコを巻くための葉。","Folhas de tabaco para enrolar cigarros.","用于卷烟的烟叶。",
cp_dry_post_kit0,"Drying Post Kit","Drying Post Kit","Sada na sušicí stojan","Trockenständer-Kit","Набор для сушки","Zestaw do suszenia","Szárítóállvány készlet","Kit per supporto di essiccazione","Kit para poste de secado","Kit de poteau de séchage","晾晒架套件","乾燥ポストキット","Kit de suporte para secagem","晾晒架套件",
cp_dry_post_kit1,"Used to place a drying post.","Used to set up a drying post.","Používá se k umístění sušicího stojanu.","Wird verwendet, um einen Trockenständer aufzustellen.","Используется для установки стойки для сушки.","Służy do ustawienia stojaka do suszenia.","Szárítóállvány felállítására használható.","Utilizzato per posizionare un supporto di essiccazione.","Utilizado para colocar un poste de secado.","Utilisé pour installer un poteau de séchage.","用于设置晾晒架。","乾燥ポストを設置するために使用されます。","Usado para montar um suporte para secagem.","用于设置晾晒架。",
cp_drying_post0,"Drying Post","Drying Post","Sušicí stojan","Trockenständer","Стойка для сушки","Stojak do suszenia","Szárítóállvány","Supporto di essiccazione","Poste de secado","Poteau de séchage","晾晒架","乾燥ポスト","Poste para secagem","晾晒架",
cp_drying_post1,"A post for drying cannabis and other plants.","A post used for drying cannabis and other plants.","Stojan na sušení konopí a dalších rostlin.","Ein Ständer zum Trocknen von Cannabis und anderen Pflanzen.","Стойка для сушки каннабиса и других растений.","Stojak do suszenia konopi i innych roślin.","Kender és más növények szárítására használt állvány.","Un supporto per essiccare cannabis e altre piante.","Un poste utilizado para secar cannabis y otras plantas.","Un poteau utilisé pour sécher du cannabis et d'autres plantes.","用于晾晒大麻和其他植物的支架。","カンナビスや他の植物を乾燥させるためのポスト。","Um suporte para secagem de cannabis e outras plantas.","用于晾晒大麻和其他植物的支架。",
cp_plant_base0,"Plant Base","Plant Base","Základ rostliny","Pflanzenbasis","Основание растения","Podstawa rośliny","Növény alap","Base della pianta","Base de planta","Base de plante","植物底座","植物の基盤","Base de planta","植物底座",
cp_plant_base1,"Plant Base. Only for debugging.","Plant Base. Used for debugging purposes.","Základ rostliny. Pouze pro ladění.","Pflanzenbasis. Nur für Debugging-Zwecke.","Основание растения. Только для отладки.","Podstawa rośliny. Tylko do debugowania.","Növény alap. Csak hibakereséshez.","Base della pianta. Usato solo per il debug.","Base de planta. Solo para depuración.","Base de plante. Uniquement pour le débogage.","植物底座。仅供调试使用。","植物の基盤。デバッグ専用です。","Base de planta. Apenas para depuração.","植物底座。仅供调试使用。",
cp_dried_plant0,"Dried Plant","Dried Plant","Sušená rostlina","Getrocknete Pflanze","Высушенное растение","Wysuszona roślina","Szárított növény","Pianta essiccata","Planta seca","Plante séchée","干燥植物","乾燥植物","Planta seca","干燥植物",
cp_dried_plant1,"A Dried up Cannabis plant with all the buds picked off.","A dried cannabis plant with all buds removed.","Vysušená rostlina konopí se všemi odstraněnými květy.","Eine getrocknete Cannabispflanze, bei der alle Knospen entfernt wurden.","Высушенное растение каннабиса с удаленными бутонами.","Wysuszona roślina konopi z usuniętymi wszystkimi pąkami.","Egy szárított kendernövény, amelynek az összes rügye eltávolításra került.","Una pianta di cannabis essiccata con tutti i germogli rimossi.","Una planta de cannabis seca con todos los brotes eliminados.","Une plante de cannabis séchée avec tous les bourgeons retirés.","所有花蕾已被摘除的干燥大麻植物。","全ての芽が摘み取られた乾燥したカンナビスの植物。","Uma planta de cannabis seca com todos os botões removidos.","所有花蕾已被摘除的干燥大麻植物。",
cp_raw_skunk_plant0,"Raw Skunk Plant","Raw Skunk Plant","Rostlina Skunk","Skunk-Pflanze","Растение Skunk","Roślina Skunk","Skunk növény","Pianta di Skunk","Planta de Skunk","Plante de Skunk","Skunk植物","スカンクの植物","Planta Skunk","Skunk植物",
cp_raw_skunk_plant1,"A raw Skunk plant","A fresh Skunk plant.","Čerstvá rostlina Skunk.","Eine frische Skunk-Pflanze.","Свежее растение Skunk.","Świeża roślina Skunk.","Friss Skunk növény.","Una pianta di Skunk fresca.","Una planta de Skunk fresca.","Une plante de Skunk fraîche.","一株新鲜的Skunk植物。","新鮮なスカンクの植物。","Uma planta de Skunk fresca.","一株新鲜的Skunk植物。",
cp_raw_blue_god_plant0,"Raw Blue God Plant","Raw Blue God Plant","Rostlina Blue God","Blue God-Pflanze","Растение Blue God","Roślina Blue God","Blue God növény","Pianta di Blue God","Planta de Blue God","Plante de Blue God","Blue God植物","ブルーゴッドの植物","Planta Blue God","Blue God植物",
cp_raw_blue_god_plant1,"A raw Blue God plant","A fresh Blue God plant.","Čerstvá rostlina Blue God.","Eine frische Blue God-Pflanze.","Свежее растение Blue God.","Świeża roślina Blue God.","Friss Blue God növény.","Una pianta di Blue God fresca.","Una planta de Blue God fresca.","Une plante de Blue God fraîche.","一株新鲜的Blue God植物。","新鮮なブルーゴッドの植物。","Uma planta de Blue God fresca.","一株新鲜的Blue God植物。",
cp_raw_kush_plant0,"Raw Kush Plant","Raw Kush Plant","Rostlina Kush","Kush-Pflanze","Растение Kush","Roślina Kush","Kush növény","Pianta di Kush","Planta de Kush","Plante de Kush","Kush植物","クッシュの植物","Planta Kush","Kush植物",
cp_raw_kush_plant1,"A raw Kush plant","A fresh Kush plant.","Čerstvá rostlina Kush.","Eine frische Kush-Pflanze.","Свежее растение Kush.","Świeża roślina Kush.","Friss Kush növény.","Una pianta di Kush fresca.","Una planta de Kush fresca.","Une plante de Kush fraîche.","一株新鲜的Kush植物。","新鮮なクッシュの植物。","Uma planta de Kush fresca.","一株新鲜的Kush植物。",
cp_raw_stardawg_plant0,"Raw Stardawg Plant","Raw Stardawg Plant","Rostlina Stardawg","Stardawg-Pflanze","Растение Stardawg","Roślina Stardawg","Stardawg növény","Pianta di Stardawg","Planta de Stardawg","Plante de Stardawg","Stardawg植物","スターダウグの植物","Planta Stardawg","Stardawg植物",
cp_raw_stardawg_plant1,"A raw Stardawg plant","A fresh Stardawg plant.","Čerstvá rostlina Stardawg.","Eine frische Stardawg-Pflanze.","Свежее растение Stardawg.","Świeża roślina Stardawg.","Friss Stardawg növény.","Una pianta di Stardawg fresca.","Una planta de Stardawg fresca.","Une plante de Stardawg fraîche.","一株新鲜的Stardawg植物。","新鮮なスターダウグの植物。","Uma planta de Stardawg fresca.","一株新鲜的Stardawg植物。",
cp_raw_future_plant0,"Raw Future Plant","Raw Future Plant","Rostlina Future","Future-Pflanze","Растение Future","Roślina Future","Future növény","Pianta di Future","Planta de Future","Plante de Future","Future植物","フューチャーの植物","Planta Future","Future植物",
cp_raw_future_plant1,"A raw Future plant","A fresh Future plant.","Čerstvá rostlina Future.","Eine frische Future-Pflanze.","Свежее растение Future.","Świeża roślina Future.","Friss Future növény.","Una pianta di Future fresca.","Una planta de Future fresca.","Une plante de Future fraîche.","一株新鲜的Future植物。","新鮮なフューチャーの植物。","Uma planta de Future fresca.","一株新鲜的Future植物。",
cp_raw_nomad_plant0,"Raw Nomad Plant","Raw Nomad Plant","Rostlina Nomad","Nomad-Pflanze","Растение Nomad","Roślina Nomad","Nomad növény","Pianta di Nomad","Planta de Nomad","Plante de Nomad","Nomad植物","ノマドの植物","Planta Nomad","Nomad植物",
cp_raw_nomad_plant1,"A raw Nomad plant","A fresh Nomad plant.","Čerstvá rostlina Nomad.","Eine frische Nomad-Pflanze.","Свежее растение Nomad.","Świeża roślina Nomad.","Friss Nomad növény.","Una pianta di Nomad fresca.","Una planta de Nomad fresca.","Une plante de Nomad fraîche.","一株新鲜的Nomad植物。","新鮮なノマドの植物。","Uma planta de Nomad fresca.","一株新鲜的Nomad植物。",
cp_raw_s1_plant0,"Raw S1 Plant","Raw S1 Plant","Rostlina S1","S1-Pflanze","Растение S1","Roślina S1","S1 növény","Pianta di S1","Planta de S1","Plante de S1","S1植物","S1の植物","Planta S1","S1植物",
cp_raw_s1_plant1,"A raw S1 plant","A fresh S1 plant.","Čerstvá rostlina S1.","Eine frische S1-Pflanze.","Свежее растение S1.","Świeża roślina S1.","Friss S1 növény.","Una pianta di S1 fresca.","Una planta de S1 fresca.","Une plante de S1 fraîche.","一株新鲜的S1植物。","新鮮なS1の植物。","Uma planta de S1 fresca.","一株新鲜的S1植物。",
cp_raw_black_frost_plant0,"Raw Black Frost Plant","Raw Black Frost Plant","Rostlina Black Frost","Black Frost-Pflanze","Растение Black Frost","Roślina Black Frost","Black Frost növény","Pianta di Black Frost","Planta de Black Frost","Plante de Black Frost","Black Frost植物","ブラックフロストの植物","Planta Black Frost","Black Frost植物",
cp_raw_black_frost_plant1,"A raw Black Frost plant","A fresh Black Frost plant.","Čerstvá rostlina Black Frost.","Eine frische Black Frost-Pflanze.","Свежее растение Black Frost.","Świeża roślina Black Frost.","Friss Black Frost növény.","Una pianta di Black Frost fresca.","Una planta de Black Frost fresca.","Une plante de Black Frost fraîche.","一株新鲜的Black Frost植物。","新鮮なブラックフロストの植物。","Uma planta de Black Frost fresca.","一株新鲜的Black Frost植物。",
cp_joint_base0,"Joint Base","Joint Base","Základ jointu","Joint-Basis","Основа косяка","Baza jointa","Joint alap","Base del joint","Base de porro","Base de joint","基础卷烟","ジョイントのベース","Base do joint","基础卷烟",
cp_joint_base1,"A joint made out of finest weed. Only fo debugging.","A joint made of the finest weed. Used for debugging purposes.","Joint z nejlepší marihuany. Pouze pro ladění.","Ein Joint aus bestem Gras. Nur für Debugging-Zwecke.","Косяк из лучшей травы. Только для отладки.","Joint z najlepszej marihuany. Tylko do debugowania.","Egy joint a legjobb fűből. Csak hibakereséshez.","Un joint fatto con la migliore erba. Solo per il debug.","Un porro hecho con la mejor marihuana. Solo para depuración.","Un joint fait avec la meilleure herbe. Utilisé uniquement pour le débogage.","用最好的大麻制成的卷烟。仅供调试使用。","最高の大麻で作られたジョイント。デバッグ専用。","Um joint feito com a melhor erva. Apenas para depuração.","用最好的大麻制成的卷烟。仅供调试使用。",
cp_skunk_joint0,"Skunk Joint","Skunk Joint","Joint Skunk","Skunk-Joint","Косяк Skunk","Joint Skunk","Skunk joint","Joint di Skunk","Porro de Skunk","Joint de Skunk","Skunk卷烟","スカンクジョイント","Joint Skunk","Skunk卷烟",
cp_skunk_joint1,"A joint made out of finest Skunk weed","A joint made of the finest Skunk weed.","Joint z nejlepší marihuany Skunk.","Ein Joint aus bestem Skunk-Gras.","Косяк из лучшей травы Skunk.","Joint z najlepszej marihuany Skunk.","Egy joint a legjobb Skunk fűből.","Un joint fatto con la migliore erba Skunk.","Un porro hecho con la mejor marihuana Skunk.","Un joint fait avec la meilleure herbe Skunk.","用最好的Skunk大麻制成的卷烟。","最高のスカンク大麻で作られたジョイント。","Um joint feito com a melhor erva Skunk.","用最好的Skunk大麻制成的卷烟。",
cp_blue_god_joint0,"Blue God Joint","Blue God Joint","Joint Blue God","Blue God-Joint","Косяк Blue God","Joint Blue God","Blue God joint","Joint di Blue God","Porro de Blue God","Joint de Blue God","Blue God卷烟","ブルーゴッドジョイント","Joint Blue God","Blue God卷烟",
cp_blue_god_joint1,"A joint made out of finest Blue God weed","A joint made of the finest Blue God weed.","Joint z nejlepší marihuany Blue God.","Ein Joint aus bestem Blue God-Gras.","Косяк из лучшей травы Blue God.","Joint z najlepszej marihuany Blue God.","Egy joint a legjobb Blue God fűből.","Un joint fatto con la migliore erba Blue God.","Un porro hecho con la mejor marihuana Blue God.","Un joint fait avec la meilleure herbe Blue God.","用最好的Blue God大麻制成的卷烟。","最高のブルーゴッド大麻で作られたジョイント。","Um joint feito com a melhor erva Blue God.","用最好的Blue God大麻制成的卷烟。",
cp_purple_kush_joint0,"Purple Kush Joint","Purple Kush Joint","Joint Purple Kush","Purple Kush-Joint","Косяк Purple Kush","Joint Purple Kush","Purple Kush joint","Joint di Purple Kush","Porro de Purple Kush","Joint de Purple Kush","Purple Kush卷烟","パープルクッシュジョイント","Joint Purple Kush","Purple Kush卷烟",
cp_purple_kush_joint1,"A joint made out of finest Purple Kush weed","A joint made of the finest Purple Kush weed.","Joint z nejlepší marihuany Purple Kush.","Ein Joint aus bestem Purple Kush-Gras.","Косяк из лучшей травы Purple Kush.","Joint z najlepszej marihuany Purple Kush.","Egy joint a legjobb Purple Kush fűből.","Un joint fatto con la migliore erba Purple Kush.","Un porro hecho con la mejor marihuana Purple Kush.","Un joint fait avec la meilleure herbe Purple Kush.","用最好的Purple Kush大麻制成的卷烟。","最高のパープルクッシュ大麻で作られたジョイント。","Um joint feito com a melhor erva Purple Kush.","用最好的Purple Kush大麻制成的卷烟。",
cp_stardawg_joint0,"Stardawg Joint","Stardawg Joint","Joint Stardawg","Stardawg-Joint","Косяк Stardawg","Joint Stardawg","Stardawg joint","Joint di Stardawg","Porro de Stardawg","Joint de Stardawg","Stardawg卷烟","スターダウグジョイント","Joint Stardawg","Stardawg卷烟",
cp_stardawg_joint1,"A joint made out of finest Stardawg weed","A joint made of the finest Stardawg weed.","Joint z nejlepší marihuany Stardawg.","Ein Joint aus bestem Stardawg-Gras.","Косяк из лучшей травы Stardawg.","Joint z najlepszej marihuany Stardawg.","Egy joint a legjobb Stardawg fűből.","Un joint fatto con la migliore erba Stardawg.","Un porro hecho con la mejor marihuana Stardawg.","Un joint fait avec la meilleure herbe Stardawg.","用最好的Stardawg大麻制成的卷烟。","最高のスターダウグ大麻で作られたジョイント。","Um joint feito com a melhor erva Stardawg.","用最好的Stardawg大麻制成的卷烟。",
cp_future_joint0,"Future Joint","Future Joint","Joint Future","Future-Joint","Косяк Future","Joint Future","Future joint","Joint di Future","Porro de Future","Joint de Future","Future卷烟","フューチャージョイント","Joint Future","Future卷烟",
cp_future_joint1,"A joint made out of finest Future weed","A joint made of the finest Future weed.","Joint z nejlepší marihuany Future.","Ein Joint aus bestem Future-Gras.","Косяк из лучшей травы Future.","Joint z najlepszej marihuany Future.","Egy joint a legjobb Future fűből.","Un joint fatto con la migliore erba Future.","Un porro hecho con la mejor marihuana Future.","Un joint fait avec la meilleure herbe Future.","用最好的Future大麻制成的卷烟。","最高のフューチャー大麻で作られたジョイント。","Um joint feito com a melhor erva Future.","用最好的Future大麻制成的卷烟。",
cp_s1_joint0,"S1 Joint","S1 Joint","Joint S1","S1-Joint","Косяк S1","Joint S1","S1 joint","Joint di S1","Porro de S1","Joint de S1","S1卷烟","S1ジョイント","Joint S1","S1卷烟",
cp_s1_joint1,"A joint made out of the finest S1 hemp.  Sponsored by StevesGoods.com","A joint made of the finest S1 hemp. Sponsored by StevesGoods.com.","Joint z nejlepšího konopí S1. Sponzorováno StevesGoods.com.","Ein Joint aus bestem S1-Hanf. Gesponsert von StevesGoods.com.","Косяк из лучшего конопляного сырья S1. Спонсировано StevesGoods.com.","Joint z najlepszego konopi S1. Sponsorowane przez StevesGoods.com.","Egy joint a legjobb S1 kendermagból. Támogatta a StevesGoods.com.","Un joint fatto con la migliore canapa S1. Offerto da StevesGoods.com.","Un porro hecho con el mejor cáñamo S1. Patrocinado por StevesGoods.com.","Un joint fait avec le meilleur chanvre S1. Sponsorisé par StevesGoods.com.","用最好的S1工业大麻制成的卷烟。由StevesGoods.com赞助。","最高のS1ヘンプで作られたジョイント。StevesGoods.com提供。","Um joint feito com o melhor cânhamo S1. Patrocinado por StevesGoods.com.","用最好的S1工业大麻制成的卷烟。由StevesGoods.com赞助。",
cp_nomad_joint0,"Nomad Joint","Nomad Joint","Joint Nomad","Nomad-Joint","Косяк Nomad","Joint Nomad","Nomad joint","Joint di Nomad","Porro de Nomad","Joint de Nomad","Nomad卷烟","ノマドジョイント","Joint Nomad","Nomad卷烟",
cp_nomad_joint1,"A joint made out of finest Nomad weed","A joint made of the finest Nomad weed.","Joint z nejlepší marihuany Nomad.","Ein Joint aus bestem Nomad-Gras.","Косяк из лучшей травы Nomad.","Joint z najlepszej marihuany Nomad.","Egy joint a legjobb Nomad fűből.","Un joint fatto con la migliore erba Nomad.","Un porro hecho con la mejor marihuana Nomad.","Un joint fait avec la meilleure herbe Nomad.","用最好的Nomad大麻制成的卷烟。","最高のノマド大麻で作られたジョイント。","Um joint feito com a melhor erva Nomad.","用最好的Nomad大麻制成的卷烟。",
cp_blackfrost_joint0,"BlackFrost Joint","BlackFrost Joint","Joint BlackFrost","BlackFrost-Joint","Косяк BlackFrost","Joint BlackFrost","BlackFrost joint","Joint di BlackFrost","Porro de BlackFrost","Joint de BlackFrost","BlackFrost卷烟","ブラックフロストジョイント","Joint BlackFrost","BlackFrost卷烟",
cp_blackfrost_joint1,"A joint made out of finest BlackFrost weed","A joint made of the finest BlackFrost weed.","Joint z nejlepší marihuany BlackFrost.","Ein Joint aus bestem BlackFrost-Gras.","Косяк из лучшей травы BlackFrost.","Joint z najlepszej marihuany BlackFrost.","Egy joint a legjobb BlackFrost fűből.","Un joint fatto con la migliore erba BlackFrost.","Un porro hecho con la mejor marihuana BlackFrost.","Un joint fait avec la meilleure herbe BlackFrost.","用最好的BlackFrost大麻制成的卷烟。","最高のブラックフロスト大麻で作られたジョイント。","Um joint feito com a melhor erva BlackFrost.","用最好的BlackFrost大麻制成的卷烟。",
cp_skunk_plant0,"Skunk Plant","Skunk Plant","Rostlina Skunk","Skunk-Pflanze","Растение Skunk","Roślina Skunk","Skunk növény","Pianta di Skunk","Planta de Skunk","Plante de Skunk","Skunk植物","スカンクの植物","Planta Skunk","Skunk植物",
cp_skunk_plant1,"A Skunk plant.","A Skunk plant.","Rostlina Skunk.","Eine Skunk-Pflanze.","Растение Skunk.","Roślina Skunk.","Egy Skunk növény.","Una pianta di Skunk.","Una planta de Skunk.","Une plante de Skunk.","一株Skunk植物。","スカンクの植物。","Uma planta Skunk.","一株Skunk植物。",
cp_blue_god_plant0,"Blue God Plant","Blue God Plant","Rostlina Blue God","Blue God-Pflanze","Растение Blue God","Roślina Blue God","Blue God növény","Pianta di Blue God","Planta de Blue God","Plante de Blue God","Blue God植物","ブルーゴッドの植物","Planta Blue God","Blue God植物",
cp_blue_god_plant1,"A Blue God plant.","A Blue God plant.","Rostlina Blue God.","Eine Blue God-Pflanze.","Растение Blue God.","Roślina Blue God.","Egy Blue God növény.","Una pianta di Blue God.","Una planta de Blue God.","Une plante de Blue God.","一株Blue God植物。","ブルーゴッドの植物。","Uma planta Blue God.","一株Blue God植物。",
cp_purple_kush_plant0,"Purple Kush Plant","Purple Kush Plant","Rostlina Purple Kush","Purple Kush-Pflanze","Растение Purple Kush","Roślina Purple Kush","Purple Kush növény","Pianta di Purple Kush","Planta de Purple Kush","Plante de Purple Kush","Purple Kush植物","パープルクッシュの植物","Planta Purple Kush","Purple Kush植物",
cp_purple_kush_plant1,"A Purple Kush plant.","A Purple Kush plant.","Rostlina Purple Kush.","Eine Purple Kush-Pflanze.","Растение Purple Kush.","Roślina Purple Kush.","Egy Purple Kush növény.","Una pianta di Purple Kush.","Una planta de Purple Kush.","Une plante de Purple Kush.","一株Purple Kush植物。","パープルクッシュの植物。","Uma planta Purple Kush.","一株Purple Kush植物。",
cp_stardawg_plant0,"Stardawg Plant","Stardawg Plant","Rostlina Stardawg","Stardawg-Pflanze","Растение Stardawg","Roślina Stardawg","Stardawg növény","Pianta di Stardawg","Planta de Stardawg","Plante de Stardawg","Stardawg植物","スターダウグの植物","Planta Stardawg","Stardawg植物",
cp_stardawg_plant1,"A Stardawg plant.","A Stardawg plant.","Rostlina Stardawg.","Eine Stardawg-Pflanze.","Растение Stardawg.","Roślina Stardawg.","Egy Stardawg növény.","Una pianta di Stardawg.","Una planta de Stardawg.","Une plante de Stardawg.","一株Stardawg植物。","スターダウグの植物。","Uma planta Stardawg.","一株Stardawg植物。",
cp_future_plant0,"Future Plant","Future Plant","Rostlina Future","Future-Pflanze","Растение Future","Roślina Future","Future növény","Pianta di Future","Planta de Future","Plante de Future","Future植物","フューチャーの植物","Planta Future","Future植物",
cp_future_plant1,"A Future plant.","A Future plant.","Rostlina Future.","Eine Future-Pflanze.","Растение Future.","Roślina Future.","Egy Future növény.","Una pianta di Future.","Una planta de Future.","Une plante de Future.","一株Future植物。","フューチャーの植物。","Uma planta Future.","一株Future植物。",
cp_s1_hemp_plant0,"S1 Hemp Plant","S1 Hemp Plant","Rostlina S1 Konopí","S1-Hanfpflanze","Растение S1 Конопли","Roślina S1 Konopi","S1 kendernövény","Pianta di Canapa S1","Planta de Cáñamo S1","Plante de Chanvre S1","S1工业大麻植物","S1ヘンプの植物","Planta de Cânhamo S1","S1工业大麻植物",
cp_s1_hemp_plant1,"An S1 hemp plant. Sponsored by StevesGoods.com","An S1 hemp plant. Sponsored by StevesGoods.com.","Rostlina S1 konopí. Sponzorováno StevesGoods.com.","Eine S1-Hanfpflanze. Gesponsert von StevesGoods.com.","Растение S1 конопли. Спонсировано StevesGoods.com.","Roślina S1 konopi. Sponsorowane przez StevesGoods.com.","Egy S1 kendernövény. A StevesGoods.com szponzorálásával.","Una pianta di canapa S1. Offerto da StevesGoods.com.","Una planta de cáñamo S1. Patrocinado por StevesGoods.com.","Une plante de chanvre S1. Sponsorisé par StevesGoods.com.","一株S1工业大麻植物。由StevesGoods.com赞助。","S1ヘンプの植物。StevesGoods.com提供。","Uma planta de cânhamo S1. Patrocinado por StevesGoods.com.","一株S1工业大麻植物。由StevesGoods.com赞助。",
cp_nomad_plant0,"Nomad Plant","Nomad Plant","Rostlina Nomad","Nomad-Pflanze","Растение Nomad","Roślina Nomad","Nomad növény","Pianta di Nomad","Planta de Nomad","Plante de Nomad","Nomad植物","ノマドの植物","Planta Nomad","Nomad植物",
cp_nomad_plant1,"A Nomad plant.","A Nomad plant.","Rostlina Nomad.","Eine Nomad-Pflanze.","Растение Nomad.","Roślina Nomad.","Egy Nomad növény.","Una pianta di Nomad.","Una planta de Nomad.","Une plante de Nomad.","一株Nomad植物。","ノマドの植物。","Uma planta Nomad.","一株Nomad植物。",
cp_black_frost_plant0,"Black Frost Plant","Black Frost Plant","Rostlina Black Frost","Black Frost-Pflanze","Растение Black Frost","Roślina Black Frost","Black Frost növény","Pianta di Black Frost","Planta de Black Frost","Plante de Black Frost","Black Frost植物","ブラックフロストの植物","Planta Black Frost","Black Frost植物",
cp_black_frost_plant1,"A Black Frost plant.","A Black Frost plant.","Rostlina Black Frost.","Eine Black Frost-Pflanze.","Растение Black Frost.","Roślina Black Frost.","Egy Black Frost növény.","Una pianta di Black Frost.","Una planta de Black Frost.","Une plante de Black Frost.","一株Black Frost植物。","ブラックフロストの植物。","Uma planta Black Frost.","一株Black Frost植物。",
cp_tobacco_plant0,"Tobacco Plant","Tobacco Plant","Rostlina tabáku","Tabakpflanze","Растение табака","Roślina tytoniu","Dohánynövény","Pianta di Tabacco","Planta de Tabaco","Plante de Tabac","烟草植物","タバコの植物","Planta de Tabaco","烟草植物",
cp_tobacco_plant1,"A tobacco plant.","A tobacco plant.","Rostlina tabáku.","Eine Tabakpflanze.","Растение табака.","Roślina tytoniu.","Egy dohánynövény.","Una pianta di tabacco.","Una planta de tabaco.","Une plante de tabac.","一株烟草植物。","タバコの植物。","Uma planta de tabaco.","一株烟草植物。",
cp_shrink_wrapper0,"Shrink Wrapper","Shrink Wrapper","Balička do fólie","Folienschweißgerät","Машина для упаковки в пленку","Maszyna do pakowania w folię","Fóliázógép","Macchina per confezionamento in film termoretraibile","Máquina de embalaje retráctil","Machine à emballer sous film rétractable","收缩包装机","シュリンク包装機","Máquina de embalagem retrátil","收缩包装机",
cp_shrink_wrapper1,"A shrink wrapper for wrapping your favourite sandwiches.. and perhaps other things.","A shrink wrapper for wrapping your favourite sandwiches... and perhaps other things.","Balička do fólie na vaše oblíbené sendviče... a možná i jiné věci.","Ein Folienschweißgerät zum Verpacken Ihrer Lieblingssandwiches... und vielleicht anderer Dinge.","Машина для упаковки в пленку ваших любимых сэндвичей... и, возможно, других вещей.","Maszyna do pakowania w folię waszych ulubionych kanapek... i być może innych rzeczy.","Egy fóliázógép kedvenc szendvicseid csomagolására... és talán más dolgokra is.","Una macchina per confezionare i tuoi panini preferiti... e forse altre cose.","Una máquina de embalaje retráctil para tus sándwiches favoritos... y tal vez otras cosas.","Une machine à emballer sous film rétractable pour vos sandwichs préférés... et peut-être d'autres choses.","一台用于包裹您最喜欢的三明治...或许还有其他东西的收缩包装机。","お気に入りのサンドイッチを包むためのシュリンク包装機...そしておそらく他のものも。","Uma máquina de embalagem retrátil para embrulhar seus sanduíches favoritos... e talvez outras coisas.","一台用于包裹您最喜欢的三明治...或许还有其他东西的收缩包装机。",
cp_plastic_wrap0,"Plastic Wrap","Plastic Wrap","Fólie stretch","Stretchfolie","Стретч-пленка","Folia stretch","Stretch fólia","Pellicola trasparente","Papel film","Film étirable","塑料保鲜膜","プラスチックラップ","Filme plástico","塑料保鲜膜",
cp_plastic_wrap1,"A roll of plastic wrap. Can be used with a wrapping machine.","A roll of plastic wrap. Suitable for use with a wrapping machine.","Role fólie stretch. Lze použít s baličkou.","Eine Rolle Stretchfolie. Kann mit einer Verpackungsmaschine verwendet werden.","Рулон стретч-пленки. Можно использовать с упаковочной машиной.","Rolka folii stretch. Może być używana z maszyną do pakowania.","Egy tekercs stretch fólia. Használható csomagológéppel.","Un rotolo di pellicola trasparente. Può essere utilizzato con una macchina per confezionamento.","Un rollo de papel film. Se puede usar con una máquina de envolver.","Un rouleau de film étirable. Peut être utilisé avec une machine à emballer.","一卷塑料保鲜膜。可与包装机一起使用。","包装機で使用可能なプラスチックラップのロール。","Um rolo de filme plástico. Pode ser usado com uma máquina de embalagem.","一卷塑料保鲜膜。可与包装机一起使用。",
cp_cannabis_pouch0,"Cannabis Pouch","Cannabis Pouch","Taška na konopí","Cannabis-Beutel","Мешочек для конопли","Torba na konopie","Kannabisz tasak","Borsa per cannabis","Bolsa para cannabis","Pochette pour cannabis","大麻袋","カンナビスのポーチ","Bolsa de Cannabis","大麻袋",
cp_cannabis_pouch1,"Storage for your paraphernalia","Storage for your paraphernalia","Úložný prostor na vaše potřeby.","Aufbewahrung für Ihr Zubehör.","Место для хранения ваших принадлежностей.","Schowek na Twoje fanaberie.","Tároló a kellékeidnek.","Contenitore per i tuoi accessori.","Almacenamiento para tu parafernalia","Rangement pour vos accessoires.","用于存放您的小物件的空间。","あなたの道具を保管するための収納スペース。","Armazenamento para os seus acessórios.","用于存放您的小物件的空间。",
cp_pouch_attachments0,"Pouch Attachments","Pouch Attachments","Příslušenství k tašce","Beutelzubehör","Аксессуары для мешочка","Dodatki do torby","Tasak kiegészítők","Accessori per sacche","Accesorios para bolsas","Accessoires pour pochettes","袋子的附件","ポーチアタッチメント","Acessórios para bolsas","袋子的附件",
cp_pouch_attachments1,"","","","","","","","","","","","","","",
cp_joint0,"Joint","Joint","Joint","Joint","Косяк","Joint","Joint","Joint","Porro","Joint","卷烟","ジョイント","Joint","卷烟",
cp_rolling_papers0,"Rolling Papers","Rolling Papers","Cigaretové papírky","Zigarettenpapier","Папиросная бумага","Bletki","Cigarettapapír","Cartine per rollare","Papel de liar","Feuilles à rouler","卷烟纸","巻きたばこの紙","Papel para enrolar","卷烟纸",
cp_fizla_rolling_papers0,"Fizla Rolling Papers","Fizla Rolling Papers","Cigaretové papírky Fizla","Fizla-Zigarettenpapier","Папиросная бумага Fizla","Bletki Fizla","Fizla cigarettapapír","Cartine Fizla","Papel de liar Fizla","Feuilles à rouler Fizla","Fizla卷烟纸","Fizla巻きたばこの紙","Papel para enrolar Fizla","Fizla卷烟纸",
cp_fizla_rolling_papers1,"A pack of Fizla Original rolling papers","A pack of Fizla Original rolling papers","Balíček cigaretových papírků Fizla Original.","Eine Packung Fizla Original-Zigarettenpapier.","Пачка папиросной бумаги Fizla Original.","Paczka bletek Fizla Original.","Egy csomag Fizla Original cigarettapapír.","Un pacchetto di cartine Fizla Original.","Un paquete de papel de liar Fizla Original.","Un paquet de feuilles à rouler Fizla Original.","一包Fizla Original卷烟纸。","Fizla Originalの巻きたばこの紙のパック。","Um pacote de papel para enrolar Fizla Original.","一包Fizla Original卷烟纸。",
cp_fizla_rolling_papers2,"A pack of Fizla Slimline rolling papers","A pack of Fizla Slimline rolling papers","Balíček Slimline papírků Fizla","Eine Packung Fizla Slimline-Zigarettenpapier","Пачка тонких папиросных бумажек Fizla","Paczka bletek Fizla Slimline","Egy csomag Fizla Slimline cigarettapapír","Un pacchetto di cartine Fizla Slimline","Un paquete de papel de liar Fizla Slimline","Un paquet de feuilles à rouler Fizla Slimline","一包Fizla Slimline卷烟纸","Fizla Slimlineの巻きたばこの紙","Um pacote de papel para enrolar Fizla Slimline","一包Fizla Slimline卷烟纸",
cp_fizla_rolling_papers3,"A pack of Fizla Super Thin rolling papers","A pack of Fizla Super Thin rolling papers","Balíček extra tenkých papírků Fizla","Eine Packung Fizla Super Thin-Zigarettenpapier","Пачка сверхтонких папиросных бумажек Fizla","Paczka bletek Fizla Super Thin","Egy csomag Fizla Super Thin cigarettapapír","Un pacchetto di cartine Fizla Super Thin","Un paquete de papel de liar Fizla Super Thin","Un paquet de feuilles à rouler Fizla Super Thin","一包Fizla Super Thin卷烟纸","Fizla Super Thinの巻きたばこの紙","Um pacote de papel para enrolar Fizla Super Thin","一包Fizla Super Thin卷烟纸",
cp_skunk_cannabis_seeds0,"Skunk Cannabis Seeds","Skunk Cannabis Seeds","Semena konopí Skunk","Skunk-Cannabissamen","Семена конопли Skunk","Nasiona konopi Skunk","Skunk kannabiszmagok","Semi di cannabis Skunk","Semillas de cannabis Skunk","Graines de cannabis Skunk","Skunk大麻种子","スカンクの大麻の種","Sementes de cannabis Skunk","Skunk大麻种子",
cp_skunk_cannabis_seeds1,"A handful of Skunk cannabis seeds.","A handful of Skunk cannabis seeds.","Hrst semen konopí Skunk.","Eine Handvoll Skunk-Cannabissamen.","Горсть семян конопли Skunk.","Garść nasion konopi Skunk.","Egy marék Skunk kannabiszmag.","Una manciata di semi di cannabis Skunk.","Un puñado de semillas de cannabis Skunk.","Une poignée de graines de cannabis Skunk.","一把Skunk大麻种子。","一握りのスカンクの大麻の種。","Um punhado de sementes de cannabis Skunk.","一把Skunk大麻种子。",
cp_blue_god_cannabis_seeds0,"Blue God Cannabis Seeds","Blue God Cannabis Seeds","Semena konopí Blue God","Blue God-Cannabissamen","Семена конопли Blue God","Nasiona konopi Blue God","Blue God kannabiszmagok","Semi di cannabis Blue God","Semillas de cannabis Blue God","Graines de cannabis Blue God","Blue God大麻种子","ブルーゴッドの大麻の種","Sementes de cannabis Blue God","Blue God大麻种子",
cp_blue_god_cannabis_seeds1,"A handful of Blue God cannabis seeds.","A handful of Blue God cannabis seeds.","Hrst semen konopí Blue God.","Eine Handvoll Blue God-Cannabissamen.","Горсть семян конопли Blue God.","Garść nasion konopi Blue God.","Egy marék Blue God kannabiszmag.","Una manciata di semi di cannabis Blue God.","Un puñado de semillas de cannabis Blue God.","Une poignée de graines de cannabis Blue God.","一把Blue God大麻种子。","一握りのブルーゴッドの大麻の種。","Um punhado de sementes de cannabis Blue God.","一把Blue God大麻种子。",
cp_purple_kush_cannabis_seeds0,"Purple Kush Cannabis Seeds","Purple Kush Cannabis Seeds","Semena konopí Purple Kush","Purple Kush-Cannabissamen","Семена конопли Purple Kush","Nasiona konopi Purple Kush","Purple Kush kannabiszmagok","Semi di cannabis Purple Kush","Semillas de cannabis Purple Kush","Graines de cannabis Purple Kush","Purple Kush大麻种子","パープルクッシュの大麻の種","Sementes de cannabis Purple Kush","Purple Kush大麻种子",
cp_purple_kush_cannabis_seeds1,"A handful of Purple Kush cannabis seeds.","A handful of Purple Kush cannabis seeds.","Hrst semen konopí Purple Kush.","Eine Handvoll Purple Kush-Cannabissamen.","Горсть семян конопли Purple Kush.","Garść nasion konopi Purple Kush.","Egy marék Purple Kush kannabiszmag.","Una manciata di semi di cannabis Purple Kush.","Un puñado de semillas de cannabis Purple Kush.","Une poignée de graines de cannabis Purple Kush.","一把Purple Kush大麻种子。","一握りのパープルクッシュの大麻の種。","Um punhado de sementes de cannabis Purple Kush.","一把Purple Kush大麻种子。",
cp_stardawg_cannabis_seeds0,"Stardawg Cannabis Seeds","Stardawg Cannabis Seeds","Semena konopí Stardawg","Stardawg-Cannabissamen","Семена конопли Stardawg","Nasiona konopi Stardawg","Stardawg kannabiszmagok","Semi di cannabis Stardawg","Semillas de cannabis Stardawg","Graines de cannabis Stardawg","Stardawg大麻种子","スターダウグの大麻の種","Sementes de cannabis Stardawg","Stardawg大麻种子",
cp_stardawg_cannabis_seeds1,"A handful of Stardawg cannabis seeds.","A handful of Stardawg cannabis seeds.","Hrst semen konopí Stardawg.","Eine Handvoll Stardawg-Cannabissamen.","Горсть семян конопли Stardawg.","Garść nasion konopi Stardawg.","Egy marék Stardawg kannabiszmag.","Una manciata di semi di cannabis Stardawg.","Un puñado de semillas de cannabis Stardawg.","Une poignée de graines de cannabis Stardawg.","一把Stardawg大麻种子。","一握りのスターダウグの大麻の種。","Um punhado de sementes de cannabis Stardawg.","一把Stardawg大麻种子。",
cp_future_cannabis_seeds0,"Future Cannabis Seeds","Future Cannabis Seeds","Semena konopí Future","Future-Cannabissamen","Семена конопли Future","Nasiona konopi Future","Future kannabiszmagok","Semi di cannabis Future","Semillas de cannabis Future","Graines de cannabis Future","Future大麻种子","フューチャーの大麻の種","Sementes de cannabis Future","Future大麻种子",
cp_future_cannabis_seeds1,"A handful of Future cannabis seeds.","A handful of Future cannabis seeds.","Hrst semen konopí Future.","Eine Handvoll Future-Cannabissamen.","Горсть семян конопли Future.","Garść nasion konopi Future.","Egy marék Future kannabiszmag.","Una manciata di semi di cannabis Future.","Un puñado de semillas de cannabis Future.","Une poignée de graines de cannabis Future.","一把Future大麻种子。","一握りのフューチャーの大麻の種。","Um punhado de sementes de cannabis Future.","一把Future大麻种子。",
cp_s1_cannabis_seeds0,"S1 Cannabis Seeds","S1 Cannabis Seeds","Semena konopí S1","S1-Cannabissamen","Семена конопли S1","Nasiona konopi S1","S1 kannabiszmagok","Semi di cannabis S1","Semillas de cannabis S1","Graines de cannabis S1","S1大麻种子","S1の大麻の種","Sementes de cannabis S1","S1大麻种子",
cp_s1_cannabis_seeds1,"A handful of S1 cannabis seeds. Sponsored by StevesGoods.com","A handful of S1 cannabis seeds. Sponsored by StevesGoods.com.","Hrst semen konopí S1. Sponzorováno StevesGoods.com.","Eine Handvoll S1-Cannabissamen. Gesponsert von StevesGoods.com.","Горсть семян конопли S1. Спонсировано StevesGoods.com.","Garść nasion konopi S1. Sponsorowane przez StevesGoods.com.","Egy marék S1 kannabiszmag. A StevesGoods.com támogatásával.","Una manciata di semi di cannabis S1. Offerto da StevesGoods.com.","Un puñado de semillas de cannabis S1. Patrocinado por StevesGoods.com.","Une poignée de graines de cannabis S1. Sponsorisé par StevesGoods.com.","一把S1大麻种子。由StevesGoods.com赞助。","一握りのS1の大麻の種。StevesGoods.com提供。","Um punhado de sementes de cannabis S1. Patrocinado por StevesGoods.com.","一把S1大麻种子。由StevesGoods.com赞助。",
cp_nomad_cannabis_seeds0,"Nomad Cannabis Seeds","Nomad Cannabis Seeds","Semena konopí Nomad","Nomad-Cannabissamen","Семена конопли Nomad","Nasiona konopi Nomad","Nomad kannabiszmagok","Semi di cannabis Nomad","Semillas de cannabis Nomad","Graines de cannabis Nomad","Nomad大麻种子","ノマドの大麻の種","Sementes de cannabis Nomad","Nomad大麻种子",
cp_nomad_cannabis_seeds1,"A handful of Nomad cannabis seeds.","A handful of Nomad cannabis seeds.","Hrst semen konopí Nomad.","Eine Handvoll Nomad-Cannabissamen.","Горсть семян конопли Nomad.","Garść nasion konopi Nomad.","Egy marék Nomad kannabiszmag.","Una manciata di semi di cannabis Nomad.","Un puñado de semillas de cannabis Nomad.","Une poignée de graines de cannabis Nomad.","一把Nomad大麻种子。","一握りのノマドの大麻の種。","Um punhado de sementes de cannabis Nomad.","一把Nomad大麻种子。",
cp_blackfrost_cannabis_seeds0,"BlackFrost Cannabis Seeds","BlackFrost Cannabis Seeds","Semena konopí BlackFrost","BlackFrost-Cannabissamen","Семена конопли BlackFrost","Nasiona konopi BlackFrost","BlackFrost kannabiszmagok","Semi di cannabis BlackFrost","Semillas de cannabis BlackFrost","Graines de cannabis BlackFrost","BlackFrost大麻种子","ブラックフロストの大麻の種","Sementes de cannabis BlackFrost","BlackFrost大麻种子",
cp_blackfrost_cannabis_seeds1,"A handful of BlackFrost cannabis seeds.","A handful of BlackFrost cannabis seeds.","Hrst semen konopí BlackFrost.","Eine Handvoll BlackFrost-Cannabissamen.","Горсть семян конопли BlackFrost.","Garść nasion konopi BlackFrost.","Egy marék BlackFrost kannabiszmag.","Una manciata di semi di cannabis BlackFrost.","Un puñado de semillas de cannabis BlackFrost.","Une poignée de graines de cannabis BlackFrost.","一把BlackFrost大麻种子。","一握りのブラックフロストの大麻の種。","Um punhado de sementes de cannabis BlackFrost.","一把BlackFrost大麻种子。",
cp_tobacco_seeds0,"Tobacco Seeds","Tobacco Seeds","Semena tabáku","Tabaksamen","Семена табака","Nasiona tytoniu","Dohánymagok","Semi di tabacco","Semillas de tabaco","Graines de tabac","烟草种子","タバコの種","Sementes de tabaco","烟草种子",
cp_tobacco_seeds1,"A handful of tobacco seeds.","A handful of tobacco seeds.","Hrst semen tabáku.","Eine Handvoll Tabaksamen.","Горсть семян табака.","Garść nasion tytoniu.","Egy marék dohánymag.","Una manciata di semi di tabacco.","Un puñado de semillas de tabaco.","Une poignée de graines de tabac.","一把烟草种子。","一握りのタバコの種。","Um punhado de sementes de tabaco.","一把烟草种子。",
cp_packed_cannabis_skunk_seeds0,"Packed Cannabis Skunk Seeds","Packed Cannabis Skunk Seeds","Balená semena konopí Skunk","Verpackte Skunk-Cannabissamen","Упакованные семена конопли Skunk","Zapakowane nasiona konopi Skunk","Csomagolt Skunk kannabiszmagok","Semi di cannabis Skunk confezionati","Semillas de cannabis Skunk empaquetadas","Graines de cannabis Skunk emballées","包装的Skunk大麻种子","パックされたスカンクの大麻の種","Sementes de cannabis Skunk embaladas","包装的Skunk大麻种子",
cp_packed_cannabis_skunk_seeds1,"A package of Skunk cannabis seeds.","A package of Skunk cannabis seeds.","Balíček semen konopí Skunk.","Eine Packung Skunk-Cannabissamen.","Упаковка семян конопли Skunk.","Zapakowane nasiona konopi Skunk.","Egy csomag Skunk kannabiszmag.","Un pacchetto di semi di cannabis Skunk.","Un paquete de semillas de cannabis Skunk.","Un paquet de graines de cannabis Skunk.","一包Skunk大麻种子。","スカンクの大麻の種のパッケージ。","Um pacote de sementes de cannabis Skunk.","一包Skunk大麻种子。",
cp_empty_seeds_pack0,"Empty Seeds Pack","Empty Seeds Pack","Prázdné balení semen","Leere Samenpackung","Пустая упаковка для семян","Puste opakowanie na nasiona","Üres magcsomag","Confezione vuota per semi","Paquete vacío de semillas","Emballage vide pour graines","空的种子包装","空の種子パック","Pacote vazio de sementes","空的种子包装",
cp_empty_seeds_pack1,"A Empty Seeds Pack","An empty pack for seeds.","Prázdné balení na semena.","Eine leere Samenpackung.","Пустая упаковка для семян.","Puste opakowanie na nasiona.","Egy üres magcsomag.","Una confezione vuota per semi.","Un paquete vacío de semillas.","Un emballage vide pour graines.","一个空的种子包装。","空の種子パック。","Um pacote vazio para sementes.","一个空的种子包装。",
cp_packed_blue_god_cannabis_seeds0,"Packed Blue God Cannabis Seeds","Packed Blue God Cannabis Seeds","Balená semena konopí Blue God","Verpackte Blue God-Cannabissamen","Упакованные семена конопли Blue God","Zapakowane nasiona konopi Blue God","Csomagolt Blue God kannabiszmagok","Semi di cannabis Blue God confezionati","Semillas de cannabis Blue God empaquetadas","Graines de cannabis Blue God emballées","包装的Blue God大麻种子","パックされたブルーゴッドの大麻の種","Sementes de cannabis Blue God embaladas","包装的Blue God大麻种子",
cp_packed_blue_god_cannabis_seeds1,"A package of Blue God cannabis seeds.","A package of Blue God cannabis seeds.","Balíček semen konopí Blue God.","Eine Packung Blue God-Cannabissamen.","Упаковка семян конопли Blue God.","Zapakowane nasiona konopi Blue God.","Egy csomag Blue God kannabiszmag.","Un pacchetto di semi di cannabis Blue God.","Un paquete de semillas de cannabis Blue God.","Un paquet de graines de cannabis Blue God.","一包Blue God大麻种子。","ブルーゴッドの大麻の種のパッケージ。","Um pacote de sementes de cannabis Blue God.","一包Blue God大麻种子。",
cp_packed_purple_kush_cannabis_seeds0,"Packed Purple Kush Cannabis Seeds","Packed Purple Kush Cannabis Seeds","Balená semena konopí Purple Kush","Verpackte Purple Kush-Cannabissamen","Упакованные семена конопли Purple Kush","Zapakowane nasiona konopi Purple Kush","Csomagolt Purple Kush kannabiszmagok","Semi di cannabis Purple Kush confezionati","Semillas de cannabis Purple Kush empaquetadas","Graines de cannabis Purple Kush emballées","包装的Purple Kush大麻种子","パックされたパープルクッシュの大麻の種","Sementes de cannabis Purple Kush embaladas","包装的Purple Kush大麻种子",
cp_packed_purple_kush_cannabis_seeds1,"A package of Purple Kush cannabis seeds.","A package of Purple Kush cannabis seeds.","Balíček semen konopí Purple Kush.","Eine Packung Purple Kush-Cannabissamen.","Упаковка семян конопли Purple Kush.","Zapakowane nasiona konopi Purple Kush.","Egy csomag Purple Kush kannabiszmag.","Un pacchetto di semi di cannabis Purple Kush.","Un paquete de semillas de cannabis Purple Kush.","Un paquet de graines de cannabis Purple Kush.","一包Purple Kush大麻种子。","パープルクッシュの大麻の種のパッケージ。","Um pacote de sementes de cannabis Purple Kush.","一包Purple Kush大麻种子。",
cp_packed_cannabis_stardawg_seeds0,"Packed Cannabis Stardawg Seeds","Packed Cannabis Stardawg Seeds","Zapakowane nasiona konopi Stardawg","Verpackte Stardawg-Cannabissamen","Упакованные семена конопли Stardawg","Zapakowane nasiona konopi Stardawg","Csomagolt Stardawg kannabiszmagok","Semi di cannabis Stardawg confezionati","Semillas de cannabis Stardawg empaquetadas","Graines de cannabis Stardawg emballées","包装的Stardawg大麻种子","パックされたスターダウグの大麻の種","Sementes de cannabis Stardawg embaladas","包装的Stardawg大麻种子",
cp_packed_cannabis_stardawg_seeds1,"A package of Stardawg cannabis seeds.","A package of Stardawg cannabis seeds.","Balíček semen konopí Stardawg.","Eine Packung Stardawg-Cannabissamen.","Упаковка семян конопли Stardawg.","Zapakowane nasiona konopi Stardawg.","Egy csomag Stardawg kannabiszmag.","Un pacchetto di semi di cannabis Stardawg.","Un paquete de semillas de cannabis Stardawg.","Un paquet de graines de cannabis Stardawg.","一包Stardawg大麻种子。","スターダウグの大麻の種のパッケージ。","Um pacote de sementes de cannabis Stardawg.","一包Stardawg大麻种子。",
cp_packed_cannabis_future_seeds0,"Packed Cannabis Future Seeds","Packed Cannabis Future Seeds","Zapakowane nasiona konopi Future","Verpackte Future-Cannabissamen","Упакованные семена конопли Future","Zapakowane nasiona konopi Future","Csomagolt Future kannabiszmagok","Semi di cannabis Future confezionati","Semillas de cannabis Future empaquetadas","Graines de cannabis Future emballées","包装的Future大麻种子","パックされたフューチャーの大麻の種","Sementes de cannabis Future embaladas","包装的Future大麻种子",
cp_packed_cannabis_future_seeds1,"A package of Future cannabis seeds.","A package of Future cannabis seeds.","Balíček semen konopí Future.","Eine Packung Future-Cannabissamen.","Упаковка семян конопли Future.","Zapakowane nasiona konopi Future.","Egy csomag Future kannabiszmag.","Un pacchetto di semi di cannabis Future.","Un paquete de semillas de cannabis Future.","Un paquet de graines de cannabis Future.","一包Future大麻种子。","フューチャーの大麻の種のパッケージ。","Um pacote de sementes de cannabis Future.","一包Future大麻种子。",
cp_packed_s1_hemp_seeds0,"Packed S1 Hemp Seeds","Packed S1 Hemp Seeds","Zapakowane nasiona konopi S1","Verpackte S1-Hanfsamen","Упакованные семена конопли S1","Zapakowane nasiona konopi S1","Csomagolt S1 kender magok","Semi di canapa S1 confezionati","Semillas de cáñamo S1 empaquetadas","Graines de chanvre S1 emballées","包装的S1工业大麻种子","S1の麻の種のパッケージ","Sementes de cânhamo S1 embaladas","包装的S1工业大麻种子",
cp_packed_s1_hemp_seeds1,"A package of S1 hemp seeds. Sponsored by StevesGoods.com","A package of S1 hemp seeds. Sponsored by StevesGoods.com.","Balíček semen konopí S1. Sponzorováno StevesGoods.com.","Eine Packung S1-Hanfsamen. Gesponsert von StevesGoods.com.","Упаковка семян конопли S1. Спонсировано StevesGoods.com.","Zapakowane nasiona konopi S1. Sponsorowane przez StevesGoods.com.","Egy csomag S1 kender mag. A StevesGoods.com támogatásával.","Un pacchetto di semi di canapa S1. Offerto da StevesGoods.com.","Un paquete de semillas de cáñamo S1. Patrocinado por StevesGoods.com.","Un paquet de graines de chanvre S1. Sponsorisé par StevesGoods.com.","一包S1工业大麻种子。由StevesGoods.com赞助。","S1の麻の種のパッケージ。StevesGoods.com提供。","Um pacote de sementes de cânhamo S1. Patrocinado por StevesGoods.com.","一包S1工业大麻种子，由StevesGoods.com赞助。",
cp_packed_cannabis_nomad0,"Packed Cannabis Nomad Seeds","Packed Cannabis Nomad Seeds","Zapakowane nasiona konopi Nomad","Verpackte Nomad-Cannabissamen","Упакованные семена конопли Nomad","Zapakowane nasiona konopi Nomad","Csomagolt Nomad kannabiszmagok","Semi di cannabis Nomad confezionati","Semillas de cannabis Nomad empaquetadas","Graines de cannabis Nomad emballées","包装的Nomad大麻种子","パックされたノマドの大麻の種","Sementes de cannabis Nomad embaladas","包装的Nomad大麻种子",
cp_packed_cannabis_nomad1,"A package of Nomad cannabis seeds.","A package of Nomad cannabis seeds.","Balíček semen konopí Nomad.","Eine Packung Nomad-Cannabissamen.","Упаковка семян конопли Nomad.","Zapakowane nasiona konopi Nomad.","Egy csomag Nomad kannabiszmag.","Un pacchetto di semi di cannabis Nomad.","Un paquete de semillas de cannabis Nomad.","Un paquet de graines de cannabis Nomad.","一包Nomad大麻种子。","ノマドの大麻の種のパッケージ。","Um pacote de sementes de cannabis Nomad.","一包Nomad大麻种子。",
cp_packed_cannabis_blackfrost_seeds0,"Packed Cannabis BlackFrost Seeds","Packed Cannabis BlackFrost Seeds","Zapakowane nasiona konopi BlackFrost","Verpackte BlackFrost-Cannabissamen","Упакованные семена конопли BlackFrost","Zapakowane nasiona konopi BlackFrost","Csomagolt BlackFrost kannabiszmagok","Semi di cannabis BlackFrost confezionati","Semillas de cannabis BlackFrost empaquetadas","Graines de cannabis BlackFrost emballées","包装的BlackFrost大麻种子","パックされたブラックフロストの大麻の種","Sementes de cannabis BlackFrost embaladas","包装的BlackFrost大麻种子",
cp_packed_cannabis_blackfrost_seeds1,"A package of BlackFrost cannabis seeds.","A package of BlackFrost cannabis seeds.","Balíček semen konopí BlackFrost.","Eine Packung BlackFrost-Cannabissamen.","Упаковка семян конопли BlackFrost.","Zapakowane nasiona konopi BlackFrost.","Egy csomag BlackFrost kannabiszmag.","Un pacchetto di semi di cannabis BlackFrost.","Un paquete de semillas de cannabis BlackFrost.","Un paquet de graines de cannabis BlackFrost.","一包BlackFrost大麻种子。","ブラックフロストの大麻の種のパッケージ。","Um pacote de sementes de cannabis BlackFrost.","一包BlackFrost大麻种子。",
cp_packed_tobacco_seeds0,"Packed Tobacco Seeds","Packed Tobacco Seeds","Zapakowane nasiona tytoniu","Verpackte Tabaksamen","Упакованные семена табака","Zapakowane nasiona tytoniu","Csomagolt dohánymagok","Semi di tabacco confezionati","Semillas de tabaco empaquetadas","Graines de tabac emballées","包装的烟草种子","パックされたタバコの種","Sementes de tabaco embaladas","包装的烟草种子",
cp_packed_tobacco_seeds1,"A package of tobacco seeds.","A package of tobacco seeds.","Balíček semen tabáku.","Eine Packung Tabaksamen.","Упаковка семян табака.","Zapakowane nasiona tytoniu.","Egy csomag dohánymag.","Un pacchetto di semi di tabacco.","Un paquete de semillas de tabaco.","Un paquet de graines de tabac.","一包烟草种子。","タバコの種のパッケージ。","Um pacote de sementes de tabaco.","一包烟草种子。",
cp_cannabis_workbench_kit0,"Cannabis Workbench Kit","Cannabis Workbench Kit","Sada na pracovní stůl na konopí","Cannabis-Werkbank-Set","Набор для рабочей станции для конопли","Zestaw stołu roboczego do konopi","Kender munkaasztal készlet","Kit da banco da lavoro per cannabis","Kit de banco de trabajo para cannabis","Kit d'établi pour cannabis","大麻工作台套件","カンナビス作業台キット","Kit de bancada para cannabis","大麻工作台套件",
cp_cannabis_workbench_kit1,"A cannabis workbench kit for packaging your favourite strains.","A cannabis workbench kit for packaging your favourite strains.","Sada na pracovní stůl na konopí pro balení vašich oblíbených odrůd.","Ein Cannabis-Werkbank-Set zum Verpacken Ihrer Lieblingssorten.","Набор для рабочей станции для упаковки ваших любимых сортов конопли.","Zestaw stołu roboczego do pakowania twoich ulubionych odmian konopi.","Egy kender munkaasztal készlet a kedvenc fajtáid csomagolására.","Un kit da banco da lavoro per confezionare le tue varietà preferite.","Un kit de banco de trabajo para empaquetar tus variedades favoritas.","Un kit d'établi pour emballer vos variétés préférées.","用于包装您喜爱品种的大麻工作台套件。","お気に入りの品種を梱包するためのカンナビス作業台キット。","Um kit de bancada para embalar suas variedades favoritas.","用于包装您喜爱品种的大麻工作台套件。",
cp_cannabis_workbench0,"Cannabis Workbench","Cannabis Workbench","Pracovní stůl na konopí","Cannabis-Werkbank","Рабочая станция для конопли","Stół roboczy do konopi","Kender munkaasztal","Banco da lavoro per cannabis","Banco de trabajo para cannabis","Établi pour cannabis","大麻工作台","カンナビス作業台","Bancada para cannabis","大麻工作台",
cp_cannabis_workbench1,"A cannabis workbench for packaging your favourite strains.","A cannabis workbench for packaging your favourite strains.","Pracovní stůl na konopí pro balení vašich oblíbených odrůd.","Eine Cannabis-Werkbank zum Verpacken Ihrer Lieblingssorten.","Рабочая станция для упаковки ваших любимых сортов конопли.","Stół roboczy do pakowania twoich ulubionych odmian konopi.","Egy kender munkaasztal a kedvenc fajtáid csomagolására.","Un banco da lavoro per confezionare le tue varietà preferite.","Un banco de trabajo para empaquetar tus variedades favoritas.","Un établi pour emballer vos variétés préférées.","用于包装您喜爱品种的大麻工作台。","お気に入りの品種を梱包するためのカンナビス作業台。","Uma bancada para embalar suas variedades favoritas.","用于包装您喜爱品种的大麻工作台。",
cp_leave_to_dry,"Leave to Dry","Leave to Dry","Nechat uschnout","Zum Trocknen liegen lassen","Оставить сушиться","Pozostaw do wyschnięcia","Hagyd száradni","Lascia asciugare","Dejar secar","Laisser sécher","晾干","乾燥させる","Deixar secar","晾干",
cp_apply_cream,"Apply Cream","Apply Cream","Nanést krém","Creme auftragen","Нанести крем","Nałóż krem","Kenj krémet","Applicare la crema","Aplicar crema","Appliquer la crème","涂抹乳霜","クリームを塗る","Aplicar creme","涂抹乳霜",
cp_unpack,"Unpack","Unpack","Rozbalit","Auspacken","Распаковать","Rozpakuj","Csomagolj ki","Scartare","Desempaquetar","Déballer","打开","開封する","Desembalar","打开",
cp_stop_processing,"Stop Processing","Stop Processing","Zastavit zpracování","Verarbeitung stoppen","Остановить обработку","Zatrzymaj przetwarzanie","Állítsd le a feldolgozást","Interrompere l'elaborazione","Detener el procesamiento","Arrêter le traitement","停止处理","処理を停止","Parar o processamento","停止处理",
cp_smoke,"Smoke","Smoke","Kouř","Rauchen","Курить","Pal","Dohányzás","Fuma","Fumar","Fumer","吸烟","喫煙する","Fuma","吸烟",
cp_smoke_joint,"Smoke","Smoke","Kouř","Rauchen","Курить","Weź bucha","Dohányzás","Fuma","Fumar","Fumer","吸烟","喫煙する","Fuma","吸烟",
cp_unwrap,"Unwrap","Unwrap","Rozbalit","Auspacken","Распаковать","Rozpakuj","Csomagolj ki","Scartare","Desempaquetar","Déballer","打开","開封する","Desembrulhar","打开",
cp_pause_production,"Pause Production","Pause Production","Pozastavit výrobu","Produktion pausieren","Приостановить производство","Wstrzymaj produkcję","Termeldést szüneteltetni","Mettere in pausa la produzione","Pausar la producción","Mettre en pause la production","暂停生产","生産を一時停止","Pausar a produção","暂停生产",
cp_resume_production,"Resume Production","Resume Production","Obnovit výrobu","Produktion fortsetzen","Возобновить производство","Wznów produkcję","Termelés folytatása","Riprendere la produzione","Reanudar la producción","Reprendre la production","恢复生产","生産を再開","Retomar a produção","恢复生产",
cp_fill_bag_with,"Fill bag with","Fill bag with","Naplnit sáček","Beutel füllen mit","Наполнить пакет","Napełnij torbę","Töltsd meg a zsákot","Riempi la borsa con","Llena la bolsa con","Remplir le sac avec","用...装袋","袋を...で満たす","Encher o saco com","用...装袋",
cp_wrap,"Wrap","Wrap","Zabalit","Verpacken","Упаковать","Zawiń","Csomagold be","Avvolgere","Envolver","Envelopper","包裹","包む","Embrulhar","包裹",